symbol,company,anex,acqName,date,pid,tkdAcqm,buyValue,sellValue,buyQuantity,sellquantity,secType,secAcq,did,tdpTransactionType,tdpDerivativeContractType,xbrl,personCategory,befAcqSharesNo,befAcqSharesPer,secVal,securitiesTypePost,afterAcqSharesNo,afterAcqSharesPer,acqfromDt,acqtoDt,intimDt,acqMode,derivativeType,exchange,remarks
GEOJITFSL,Geojit Financial Services Limited,7(2),BNP Paribas SA,30-Jul-2025 14:33,1185534,,0,0,0,0,Equity Shares,258102,547222,Sell,-,https://nsearchives.nseindia.com/corporate/xbrl/IT_1185534_1497611_30072025023330_WEB.xml,Promoters,62640736,22.44,19111488,Equity Shares,62382634,22.35,28-Jul-2025,29-Jul-2025,30-Jul-2025,Market Sale,-,NSE,-
DBCORP,D.B.Corp Limited,7(2),D B Power Limited,30-Jul-2025 13:37,1185532,,0,0,0,0,Equity Shares,12551,547218,Buy,-,https://nsearchives.nseindia.com/corporate/xbrl/IT_1185532_1497560_30072025013753_WEB.xml,Promoter Group,1134641,0.64,3362526,Equity Shares,1147192,0.64,29-Jul-2025,29-Jul-2025,30-Jul-2025,Market Purchase,-,NSE,-
DBCORP,D.B.Corp Limited,7(2),D B Power Limited,30-Jul-2025 13:37,1185532,,0,0,0,0,Equity Shares,99954,547219,Buy,-,https://nsearchives.nseindia.com/corporate/xbrl/IT_1185532_1497560_30072025013753_WEB.xml,Promoter Group,1034518,0.58,26840138,Equity Shares,1134472,0.64,28-Jul-2025,28-Jul-2025,29-Jul-2025,Market Purchase,-,NSE,-
DBCORP,D.B.Corp Limited,7(2),D B Power Limited,30-Jul-2025 13:37,1185532,,0,0,0,0,Equity Shares,169,547217,Buy,-,https://nsearchives.nseindia.com/corporate/xbrl/IT_1185532_1497560_30072025013753_WEB.xml,Promoter Group,1134472,0.64,46017,Equity Shares,1134641,0.64,28-Jul-2025,28-Jul-2025,29-Jul-2025,Market Purchase,-,BSE,-
DBCORP,D.B.Corp Limited,7(2),D B Power Limited,30-Jul-2025 13:37,1185532,,0,0,0,0,Equity Shares,845,547220,Buy,-,https://nsearchives.nseindia.com/corporate/xbrl/IT_1185532_1497560_30072025013753_WEB.xml,Promoter Group,1147192,0.64,226607,Equity Shares,1148037,0.64,29-Jul-2025,29-Jul-2025,30-Jul-2025,Market Purchase,-,BSE,-
AFFLE,Affle 3i Limited,7(2),Affle (India) Limited Employees Welfare Trust,30-Jul-2025 11:35,1185530,,0,0,0,0,Equity Shares,1571,547212,Sell,-,https://nsearchives.nseindia.com/corporate/xbrl/IT_1185530_1497371_30072025113526_WEB.xml,Other,171200,0.09,2956920,Equity Shares,169629,0.09,29-Jul-2025,29-Jul-2025,29-Jul-2025,ESOP,-,NSE,-
ZENSARTECH,Zensar Technologies Limited,7(2),Vijayasimha Alilughatta,30-Jul-2025 10:52,1185527,,0,0,0,0,Equity Shares,4000,547210,Sell,-,https://nsearchives.nseindia.com/corporate/xbrl/IT_1185527_1497314_30072025105215_WEB.xml,Employees/Designated Employees,21351,0,3216000,Equity Shares,17351,0,29-Jul-2025,29-Jul-2025,29-Jul-2025,Market Sale,-,NSE,-
ZENSARTECH,Zensar Technologies Limited,7(2),Vijayasimha Alilughatta,30-Jul-2025 10:52,1185527,,0,0,0,0,Equity Shares,4000,547209,Sell,-,https://nsearchives.nseindia.com/corporate/xbrl/IT_1185527_1497314_30072025105215_WEB.xml,Employees/Designated Employees,25351,0.01,3184000,Equity Shares,21351,0,28-Jul-2025,28-Jul-2025,28-Jul-2025,Market Sale,-,NSE,-
MAHICKRA,Mahickra Chemicals Limited,7(2),MITESHKUMAR CHAMPAKLAL GANDHI,29-Jul-2025 22:41,1185525,,0,0,0,0,Equity Shares,4500,547206,Buy,-,https://nsearchives.nseindia.com/corporate/xbrl/IT_1185525_1497230_29072025104113_WEB.xml,Promoters,712528,8.77,587250,Equity Shares,717028,8.83,25-Jul-2025,25-Jul-2025,25-Jul-2025,Market Purchase,-,NSE,-
MAHICKRA,Mahickra Chemicals Limited,7(2),MITESHKUMAR CHAMPAKLAL GANDHI,29-Jul-2025 22:41,1185525,,0,0,0,0,Equity Shares,750,547205,Buy,-,https://nsearchives.nseindia.com/corporate/xbrl/IT_1185525_1497230_29072025104113_WEB.xml,Promoters,711778,8.76,97838,Equity Shares,712528,8.77,25-Jul-2025,25-Jul-2025,25-Jul-2025,Market Purchase,-,NSE,-
WANBURY,Wanbury Limited,7(3),SBICAP Trustee Company Limited,29-Jul-2025 19:25,1185523,,0,0,0,0,Equity Shares,9172561,547202,Pledge Revoke,-,https://nsearchives.nseindia.com/corporate/xbrl/IT_1185523_1497057_29072025072517_WEB.xml,-,9998304,30.41,28,Equity Shares,9998304,30.41,25-Jul-2025,25-Jul-2025,28-Jul-2025,Revokation of Pledge,-,NA,-
GANESHIN,Ganesh Infraworld Limited,7(2),Starwings Realtors Private Limited,29-Jul-2025 19:21,1185521,,0,0,0,0,Equity Shares,296000,547200,Buy,-,https://nsearchives.nseindia.com/corporate/xbrl/IT_1185521_1497039_29072025072106_WEB.xml,Promoter Group,Nil,0,60062317,Equity Shares,296000,0.69,28-Jul-2025,28-Jul-2025,29-Jul-2025,Market Purchase,-,NSE,-
ECLERX,eClerx Services Limited,7(2),Eclerx Employee Welfare Trust,29-Jul-2025 18:52,1185518,,0,0,0,0,Equity Shares,3364,547197,Buy,-,https://nsearchives.nseindia.com/corporate/xbrl/IT_1185518_1496969_29072025065227_WEB.xml,Other,649174,1.36,12749366,Equity Shares,652538,1.36,28-Jul-2025,28-Jul-2025,29-Jul-2025,Market Purchase,-,NSE,-
MAHLIFE,Mahindra Lifespace Developers Limited,7(2),ALOK THAKUR,29-Jul-2025 18:34,1185516,,0,0,0,0,Equity Shares,3450,547195,Buy,-,https://nsearchives.nseindia.com/corporate/xbrl/IT_1185516_1496921_29072025063454_WEB.xml,Employees/Designated Employees,1050,0,1276500,Equity Shares,4500,0,25-Jul-2025,25-Jul-2025,29-Jul-2025,ESOP,-,NA,-
SENORES,Senores Pharmaceuticals Limited,7(2),Renosen Pharmaceuticals Private Limited,29-Jul-2025 18:26,1185513,,0,0,0,0,Equity Shares,3000,547192,Buy,-,https://nsearchives.nseindia.com/corporate/xbrl/IT_1185513_1496878_29072025062632_WEB.xml,Promoter Group,2702219,5.87,1935480,Equity Shares,2705219,5.87,28-Jul-2025,28-Jul-2025,28-Jul-2025,Market Purchase,-,NSE,-
SUNREST,Sunrest Lifescience Limited,7(2),BHARATKUMAR VARDHILAL THAKKAR,29-Jul-2025 18:00,1185510,,0,0,0,0,Equity Shares,99200,547189,Sell,-,https://nsearchives.nseindia.com/corporate/xbrl/IT_1185510_1496789_29072025060023_WEB.xml,Promoters,675000,15.73,5085984,Equity Shares,575800,13.41,28-Jul-2025,28-Jul-2025,29-Jul-2025,Market Sale,-,-,-
SIGACHI,Sigachi Industries Limited,7(2),RPS Industries Private Limited,29-Jul-2025 17:22,1185508,,0,0,0,0,Equity Shares,510000,547187,Pledge Invoke,-,https://nsearchives.nseindia.com/corporate/xbrl/IT_1185508_1496654_29072025052243_WEB.xml,Promoters,75317250,19.71,20206200,Equity Shares,74807250,19.58,24-Jul-2025,24-Jul-2025,28-Jul-2025,Invocation of pledge,-,NSE,-
DMART,Avenue Supermarts Limited,7(2),Pratibha Suresh Talesara,29-Jul-2025 17:18,1185506,,0,0,0,0,Equity Shares,20,547184,Sell,-,https://nsearchives.nseindia.com/corporate/xbrl/IT_1185506_1496643_29072025051802_WEB.xml,-,2285,0,80273,Equity Shares,2265,0,24-Jul-2025,24-Jul-2025,28-Jul-2025,Market Sale,-,NSE,-
DMART,Avenue Supermarts Limited,7(2),Pratibha Suresh Talesara,29-Jul-2025 17:18,1185506,,0,0,0,0,Equity Shares,175,547185,Sell,-,https://nsearchives.nseindia.com/corporate/xbrl/IT_1185506_1496643_29072025051802_WEB.xml,-,2265,0,698651,Equity Shares,2090,0,28-Jul-2025,28-Jul-2025,28-Jul-2025,Market Sale,-,NSE,-
SENORES,Senores Pharmaceuticals Limited,7(2),Chetan Bipinchandra Shah,29-Jul-2025 15:45,1185504,,0,0,0,0,Equity Shares,500,547181,Buy,-,https://nsearchives.nseindia.com/corporate/xbrl/IT_1185504_1496367_29072025034547_WEB.xml,Director,3550,0.01,331520,Equity Shares,4050,0.01,28-Jul-2025,28-Jul-2025,29-Jul-2025,Market Purchase,-,NSE,-
FONEBOX,Fonebox Retail Limited,7(2),RUSHI MANISHKUMAR PATEL,29-Jul-2025 15:44,1185502,,0,0,0,0,Equity Shares,11000,547179,Buy,-,https://nsearchives.nseindia.com/corporate/xbrl/IT_1185502_1496360_29072025034410_WEB.xml,Immediate relative,14000,0.14,1025410,Equity Shares,25000,0.24,24-Jul-2025,28-Jul-2028,29-Jul-2025,Market Purchase,-,NSE,-
KRISHNADEF,Krishna Defence And Allied Industries Limited,7(2),ANKUR ASHWIN SHAH,29-Jul-2025 12:31,1185500,,0,0,0,0,Equity Shares,200000,547177,Buy,-,https://nsearchives.nseindia.com/corporate/xbrl/IT_1185500_1496056_29072025123115_WEB.xml,Promoters,5253890,37.37,2000000,Equity Shares,5453890,36.56,25-Jul-2025,25-Jul-2025,28-Jul-2025,Conversion of security,-,NA,-
MONOLITH,Monolithisch India Limited,7(2),SHARMILA TEKRIWAL,29-Jul-2025 12:02,1185498,,0,0,0,0,Equity Shares,4000,547175,Buy,-,https://nsearchives.nseindia.com/corporate/xbrl/IT_1185498_1496017_29072025120233_WEB.xml,Promoters,16008,0.07,415,Equity Shares,20008,0.09,-,-,-,Market Purchase,-,NSE,-
HCLTECH,HCL Technologies Limited,7(2),HCL Corporation Private Limited,28-Jul-2025 18:36,1185496,,0,0,0,0,Equity Shares,4593104,547173,Sell,-,https://nsearchives.nseindia.com/corporate/xbrl/IT_1185496_1495600_28072025063619_WEB.xml,Promoters,4593104,0.17,7017890222,Equity Shares,Nil,0,22-Jul-2025,23-Jul-2025,24-Jul-2025,Inter-se-Transfer,-,NA,-
HCLTECH,HCL Technologies Limited,7(2),Kiran Nadar Museum of Art,28-Jul-2025 18:35,1185495,,0,0,0,0,Equity Shares,2300000,547172,Buy,-,https://nsearchives.nseindia.com/corporate/xbrl/IT_1185495_1495597_28072025063559_WEB.xml,Promoter Group,Nil,0,3512468000,Equity Shares,2300000,0.08,23-Jul-2025,23-Jul-2025,24-Jul-2025,Inter-se-Transfer,-,NA,-
HCLTECH,HCL Technologies Limited,7(2),Shiv Nadar Foundation,28-Jul-2025 18:35,1185494,,0,0,0,0,Equity Shares,2293104,547171,Buy,-,https://nsearchives.nseindia.com/corporate/xbrl/IT_1185494_1495590_28072025063521_WEB.xml,Promoter Group,Nil,0,3505422222,Equity Shares,2293104,0.08,22-Jul-2025,22-Jul-2025,24-Jul-2025,Inter-se-Transfer,-,NA,-
HDBFS,HDB Financial Services Limited,7(2),Jaideep Vijay Sahasrabuddhe,28-Jul-2025 18:26,1185493,,0,0,0,0,Equity Shares,1400,547170,Sell,-,https://nsearchives.nseindia.com/corporate/xbrl/IT_1185493_1495571_28072025062645_WEB.xml,-,12431,0,1096500,Equity Shares,11031,0,24-Jul-2025,24-Jul-2025,26-Jul-2025,Market Sale,-,NSE,-
HDBFS,HDB Financial Services Limited,7(2),Harish Venugopal,28-Jul-2025 18:26,1185493,,0,0,0,0,Equity Shares,17201,547169,Sell,-,https://nsearchives.nseindia.com/corporate/xbrl/IT_1185493_1495571_28072025062645_WEB.xml,-,89289,0.01,13838549,Equity Shares,72088,0.01,22-Jul-2025,22-Jul-2025,24-Jul-2025,Market Sale,-,NSE,-
WIPRO,Wipro Limited,7(2),Umesh Tejwani,28-Jul-2025 17:50,1185489,,0,0,0,0,ADR/GDR/FCCB,19909,547163,Sell,-,https://nsearchives.nseindia.com/corporate/xbrl/IT_1185489_1495465_28072025055019_WEB.xml,Employees/Designated Employees,19909,0,5053629,ADR/GDR/FCCB,Nil,0,24-Jul-2025,24-Jul-2025,25-Jul-2025,Market Sale,-,NA,-
WIPRO,Wipro Limited,7(2),Sonal Ramrakhiani,28-Jul-2025 17:50,1185489,,0,0,0,0,ADR/GDR/FCCB,43689,547164,Sell,-,https://nsearchives.nseindia.com/corporate/xbrl/IT_1185489_1495465_28072025055019_WEB.xml,Employees/Designated Employees,43689,0,11038119,ADR/GDR/FCCB,Nil,0,25-Jul-2025,25-Jul-2025,25-Jul-2025,Market Sale,-,NA,-
DBCORP,D.B.Corp Limited,7(2),D B Power Limited,28-Jul-2025 16:21,1185486,,0,0,0,0,Equity Shares,21037,547158,Buy,-,https://nsearchives.nseindia.com/corporate/xbrl/IT_1185486_1495170_28072025042151_WEB.xml,Promoter Group,1004481,0.56,5894875,Equity Shares,1025518,0.58,24-Jul-2025,24-Jul-2025,25-Jul-2025,Market Purchase,-,NSE,-
DBCORP,D.B.Corp Limited,7(2),D B Power Limited,28-Jul-2025 16:21,1185486,,0,0,0,0,Equity Shares,9000,547159,Buy,-,https://nsearchives.nseindia.com/corporate/xbrl/IT_1185486_1495170_28072025042151_WEB.xml,Promoter Group,1025518,0.58,2519771,Equity Shares,1034518,0.58,25-Jul-2025,25-Jul-2025,26-Jul-2025,Market Purchase,-,NSE,-
SYLVANPLY,Sylvan Plyboard (India) Limited,7(2),ANAND KUMAR SINGH,28-Jul-2025 15:59,1185484,,0,0,0,0,Equity Shares,73500,547155,Buy,-,https://nsearchives.nseindia.com/corporate/xbrl/IT_1185484_1495111_28072025035904_WEB.xml,Promoters,124515,0.64,87,Equity Shares,198015,1.02,23-Jul-2025,31-Jul-2025,25-Jul-2025,Gift,-,NA,-
FOCUS,Focus Lighting and Fixtures Limited,7(2),FLFL Employee Welfare Trust,28-Jul-2025 15:36,1185482,,0,0,0,0,Equity Shares,269604,547153,Sell,-,https://nsearchives.nseindia.com/corporate/xbrl/IT_1185482_1495060_28072025033625_WEB.xml,Other,386854,0.57,3397010,Equity Shares,117250,0.17,25-Jul-2025,25-Jul-2025,28-Jul-2025,ESOP,-,NSE,-
SYLVANPLY,Sylvan Plyboard (India) Limited,7(2),PRITHVI SINGH,28-Jul-2025 14:45,1185480,,0,0,0,0,Equity Shares,73500,547151,Sell,-,https://nsearchives.nseindia.com/corporate/xbrl/IT_1185480_1494972_28072025024510_WEB.xml,Promoter Group,73500,0.38,87,Equity Shares,Nil,0,23-Jul-2025,31-Jul-2025,25-Jul-2025,Gift,-,NA,-
DPSCLTD,DPSC Limited,7(2),Aksara Commercial Private Limited,28-Jul-2025 11:27,1185478,,0,0,0,0,Equity Shares,200000,547149,Sell,-,https://nsearchives.nseindia.com/corporate/xbrl/IT_1185478_1494754_28072025112743_WEB.xml,Promoter Group,61780741,6.35,2611126,Equity Shares,61580741,6.33,23-Jul-2025,24-Jul-2025,25-Jul-2025,Market Sale,-,NSE,-
MASFIN,MAS Financial Services Limited,7(2),Estate of Mukesh Chimanlal Gandhi,26-Jul-2025 19:49,1185476,,0,0,0,0,Equity Shares,48380139,547147,Buy,-,https://nsearchives.nseindia.com/corporate/xbrl/IT_1185476_1494622_26072025074958_WEB.xml,Promoter Group,Nil,0,0,Equity Shares,48380139,26.66,25-Jul-2025,25-Jul-2025,25-Jul-2025,Off Market,-,NA,-
DODLA,Dodla Dairy Limited,7(2),BOMMI SUREKHA REDDY,26-Jul-2025 14:45,1185474,,0,0,0,0,Equity Shares,465000,547144,Sell,-,https://nsearchives.nseindia.com/corporate/xbrl/IT_1185474_1494382_26072025024507_WEB.xml,Promoter Group,556733,0.92,594025810,Equity Shares,91733,0.15,25-Jul-2025,25-Jul-2025,26-Jul-2025,Market Sale,-,NSE,-
AIIL,Authum Investment & Infrastructure Limited,7(2),Mentor Capital Limited,25-Jul-2025 22:28,1185471,,0,0,0,0,Equity Shares,5800000,547142,Sell,-,https://nsearchives.nseindia.com/corporate/xbrl/IT_1185471_1494198_25072025102855_WEB.xml,Promoters,16390936,9.65,13070728040,Equity Shares,10590936,6.24,25-Jul-2025,25-Jul-2025,25-Jul-2025,Market Sale,-,BSE,-
GOCOLORS,Go Fashion (India) Limited,7(2),RAHUL SARAOGI,25-Jul-2025 18:40,1185468,,0,0,0,0,Equity Shares,150000,547139,Pledge,-,https://nsearchives.nseindia.com/corporate/xbrl/IT_1185468_1493874_25072025064038_WEB.xml,Promoters,9932320,18.39,128872500,Equity Shares,9932320,18.39,25-Jul-2025,25-Jul-2025,25-Jul-2025,Pledge Creation,-,NA,-
GOCOLORS,Go Fashion (India) Limited,7(2),RAHUL SARAOGI,25-Jul-2025 18:40,1185468,,0,0,0,0,Equity Shares,1116848,547138,Pledge Revoke,-,https://nsearchives.nseindia.com/corporate/xbrl/IT_1185468_1493874_25072025064038_WEB.xml,Promoters,9932320,18.39,985562518,Equity Shares,9932320,18.39,21-Jul-2025,21-Jul-2025,23-Jul-2025,Revokation of Pledge,-,NA,-
360ONE,360 ONE WAM LIMITED,7(2),Amit Garg,25-Jul-2025 18:21,1185466,,0,0,0,0,Equity Shares,3160,547135,Sell,-,https://nsearchives.nseindia.com/corporate/xbrl/IT_1185466_1493806_25072025062150_WEB.xml,Employees/Designated Employees,53000,0.01,3812407,Equity Shares,49840,0.01,21-Jul-2025,21-Jul-2025,23-Jul-2025,Market Sale,-,BSE,-
360ONE,360 ONE WAM LIMITED,7(2),Sanjay Wadhwa,25-Jul-2025 18:21,1185466,,0,0,0,0,Equity Shares,8500,547134,Sell,-,https://nsearchives.nseindia.com/corporate/xbrl/IT_1185466_1493806_25072025062150_WEB.xml,Employees/Designated Employees,8728,0,10247840,Equity Shares,228,0,21-Jul-2025,21-Jul-2025,23-Jul-2025,Market Sale,-,NSE,-
360ONE,360 ONE WAM LIMITED,7(2),Pankaj Fitkariwala,25-Jul-2025 18:21,1185466,,0,0,0,0,Equity Shares,2426,547133,Sell,-,https://nsearchives.nseindia.com/corporate/xbrl/IT_1185466_1493806_25072025062150_WEB.xml,Employees/Designated Employees,92426,0.02,2974000,Equity Shares,90000,0.02,21-Jul-2025,21-Jul-2025,23-Jul-2025,Market Sale,-,BSE,-
DMART,Avenue Supermarts Limited,7(2),Rajeshkumar Jain,25-Jul-2025 17:31,1185463,,0,0,0,0,Equity Shares,3745,547129,Sell,-,https://nsearchives.nseindia.com/corporate/xbrl/IT_1185463_1493643_25072025053129_WEB.xml,-,286734,0.04,15077370,Equity Shares,282989,0.04,24-Jul-2025,24-Jul-2025,24-Jul-2025,Market Sale,-,NSE,-
TAKE,Take Solutions Limited,7(2),TAKE Solutions PTE Ltd,25-Jul-2025 17:21,1185461,,0,0,0,0,Equity Shares,28107460,547127,Sell,-,https://nsearchives.nseindia.com/corporate/xbrl/IT_1185461_1493607_25072025052144_WEB.xml,Promoter Group,78253450,52.9,14053730,Equity Shares,50145990,33.9,22-Jul-2025,22-Jul-2025,24-Jul-2025,Off Market,-,-,-
TAKE,Take Solutions Limited,7(2),Asia Global Trading (Chennai) Private Limited,25-Jul-2025 17:11,1185459,,0,0,0,0,Equity Shares,28107460,547125,Buy,-,https://nsearchives.nseindia.com/corporate/xbrl/IT_1185459_1493586_25072025051124_WEB.xml,Promoter Group,Nil,0,14053730,Equity Shares,28107460,19,22-Jul-2025,22-Jul-2025,24-Jul-2025,Off Market,-,-,-
JSWSTEEL,JSW Steel Limited,7(2),JSW Steel Employees Welfare Trust ?  JSWSL OPJ Samruddhi  Plan 2021 A/c,25-Jul-2025 16:47,1185457,,0,0,0,0,Equity Shares,48,547123,Sell,-,https://nsearchives.nseindia.com/corporate/xbrl/IT_1185457_1493542_25072025044753_WEB.xml,Other,5823122,0.24,49205,Equity Shares,5823074,0.24,25-Jul-2025,25-Jul-2025,25-Jul-2025,Market Sale,-,NSE,-
JSWSTEEL,JSW Steel Limited,7(2),JSW Steel Employees Welfare Trust ?  JSWSL OPJ Samruddhi  Plan 2021 A/c,25-Jul-2025 16:47,1185457,,0,0,0,0,Equity Shares,119,547122,Sell,-,https://nsearchives.nseindia.com/corporate/xbrl/IT_1185457_1493542_25072025044753_WEB.xml,Other,5823241,0.24,122986,Equity Shares,5823122,0.24,24-Jul-2025,24-Jul-2025,25-Jul-2025,Market Sale,-,NSE,-
JSWSTEEL,JSW Steel Limited,7(2),JSW Steel Employees Welfare Trust ?  JSWSL OPJ Samruddhi  Plan 2021 A/c,25-Jul-2025 16:47,1185457,,0,0,0,0,Equity Shares,1300,547121,Sell,-,https://nsearchives.nseindia.com/corporate/xbrl/IT_1185457_1493542_25072025044753_WEB.xml,Other,5824541,0.24,1300,Equity Shares,5823241,0.24,23-Jul-2025,23-Jul-2025,24-Jul-2025,Off Market,-,NA,-
JSWSTEEL,JSW Steel Limited,7(2),JSW Steel Employees Welfare Trust ?  JSWSL OPJ Samruddhi  Plan 2021 A/c,25-Jul-2025 16:47,1185457,,0,0,0,0,Equity Shares,638,547120,Sell,-,https://nsearchives.nseindia.com/corporate/xbrl/IT_1185457_1493542_25072025044753_WEB.xml,Other,5825179,0.24,638,Equity Shares,5824541,0.24,22-Jul-2025,22-Jul-2025,24-Jul-2025,Off Market,-,NA,-
FONEBOX,Fonebox Retail Limited,7(2),RUSHI MANISHKUMAR PATEL,25-Jul-2025 16:46,1185456,,0,0,0,0,Equity Shares,9000,547119,Buy,-,https://nsearchives.nseindia.com/corporate/xbrl/IT_1185456_1493539_25072025044640_WEB.xml,Immediate relative,9000,0.09,853000,Equity Shares,18000,0.18,23-Jul-2025,24-Jul-2025,25-Jul-2025,Market Purchase,-,NSE,-
JBCHEPHARM,JB Chemicals & Pharmaceuticals Limited,7(2),Suresh Bhise,25-Jul-2025 16:41,1185453,,0,0,0,0,Equity Shares,8989,547113,Buy,-,https://nsearchives.nseindia.com/corporate/xbrl/IT_1185453_1493516_25072025044106_WEB.xml,Employees/Designated Employees,Nil,0,15191410,Equity Shares,8989,0.01,22-Jul-2025,22-Jul-2025,24-Jul-2025,ESOP,-,NA,-
JBCHEPHARM,JB Chemicals & Pharmaceuticals Limited,7(2),Nikhil Ashokkumar Chopra,25-Jul-2025 16:41,1185453,,0,0,0,0,Equity Shares,250000,547112,Buy,-,https://nsearchives.nseindia.com/corporate/xbrl/IT_1185453_1493516_25072025044106_WEB.xml,Director,50000,0.03,422500000,Equity Shares,300000,0.02,22-Jul-2025,22-Jul-2025,24-Jul-2025,ESOP,-,NA,-
FONEBOX,Fonebox Retail Limited,7(2),RUSHI MANISHKUMAR PATEL,25-Jul-2025 16:38,1185451,,0,0,0,0,Equity Shares,14000,547109,Buy,-,https://nsearchives.nseindia.com/corporate/xbrl/IT_1185451_1493505_25072025043813_WEB.xml,Immediate relative,Nil,0,1308300,Equity Shares,14000,0.14,15-Jul-2025,23-Jul-2025,25-Jul-2025,Market Purchase,-,NSE,-
FONEBOX,Fonebox Retail Limited,7(2),RUSHI MANISHKUMAR PATEL,25-Jul-2025 16:34,1185450,,0,0,0,0,Equity Shares,14000,547108,Buy,-,https://nsearchives.nseindia.com/corporate/xbrl/IT_1185450_1493487_25072025043428_WEB.xml,Immediate relative,Nil,0,1308300,Equity Shares,14000,0.14,15-Jul-2025,23-Jul-2025,25-Jul-2025,Market Purchase,-,NSE,-
NAUKRI,Info Edge (India) Limited,7(2),Info Edge Employees Stock Option Plan Trust,25-Jul-2025 15:13,1185446,,0,0,0,0,Equity Shares,3399,547106,Sell,-,https://nsearchives.nseindia.com/corporate/xbrl/IT_1185446_1493257_25072025031359_WEB.xml,Other,565419,0.09,6798,Equity Shares,562020,0.09,24-Jul-2025,24-Jul-2025,25-Jul-2025,ESOP,-,NA,-
M&M,Mahindra & Mahindra Limited,7(2),Rajiv Gupta,25-Jul-2025 15:01,1185444,,0,0,0,0,Equity Shares,2000,547104,Buy,-,https://nsearchives.nseindia.com/corporate/xbrl/IT_1185444_1493242_25072025030119_WEB.xml,Employees/Designated Employees,5106,0,6521800,Equity Shares,7106,0,24-Jul-2025,24-Jul-2025,25-Jul-2025,ESOP,-,NA,-
GEOJITFSL,Geojit Financial Services Limited,7(2),JERIN LAZAR,25-Jul-2025 12:21,1185442,,0,0,0,0,Equity Shares,24306,547100,Buy,-,https://nsearchives.nseindia.com/corporate/xbrl/IT_1185442_1493056_25072025122138_WEB.xml,Promoter Group,12,0,1831943,Equity Shares,24318,0.01,23-Jul-2025,23-Jul-2025,24-Jul-2025,Gift,-,NA,-
GEOJITFSL,Geojit Financial Services Limited,7(2),Lazar M A,25-Jul-2025 12:21,1185442,,0,0,0,0,Equity Shares,48611,547102,Sell,-,https://nsearchives.nseindia.com/corporate/xbrl/IT_1185442_1493056_25072025122138_WEB.xml,Promoter Group,48611,0.02,3663811,Equity Shares,Nil,0,23-Jul-2025,23-Jul-2025,24-Jul-2025,Gift,-,NA,-
GEOJITFSL,Geojit Financial Services Limited,7(2),JOEL LAZAR,25-Jul-2025 12:21,1185442,,0,0,0,0,Equity Shares,24305,547101,Buy,-,https://nsearchives.nseindia.com/corporate/xbrl/IT_1185442_1493056_25072025122138_WEB.xml,Promoter Group,3944,0,1831868,Equity Shares,28249,0.01,23-Jul-2025,23-Jul-2025,24-Jul-2025,Gift,-,NA,-
MONOLITH,Monolithisch India Limited,7(2),SHARMILA TEKRIWAL,25-Jul-2025 11:34,1185440,,0,0,0,0,Equity Shares,1000,547095,Buy,-,https://nsearchives.nseindia.com/corporate/xbrl/IT_1185440_1493018_25072025113407_WEB.xml,Promoters,8,0,400,Equity Shares,1008,0,-,-,-,Market Purchase,-,NSE,-
MONOLITH,Monolithisch India Limited,7(2),SHARMILA TEKRIWAL,25-Jul-2025 11:34,1185440,,0,0,0,0,Equity Shares,15000,547096,Buy,-,https://nsearchives.nseindia.com/corporate/xbrl/IT_1185440_1493018_25072025113407_WEB.xml,Promoters,8,0,418,Equity Shares,15008,0.07,-,-,-,Market Purchase,-,NSE,-
AVG,AVG Logistics Limited,7(2),Asha Gupta,25-Jul-2025 11:23,1185438,,0,0,0,0,Equity Shares,2910000,547092,Pledge,-,https://nsearchives.nseindia.com/corporate/xbrl/IT_1185438_1493000_25072025112350_WEB.xml,Promoters,5482500,36.41,829100000,Equity Shares,2572500,17.08,22-Jul-2025,22-Jul-2025,24-Jul-2025,Pledge Creation,-,NA,-
PAISALO,Paisalo Digital Limited,7(2),EQUILIBRATED VENTURE CFLOW PRIVATE LIMITED,25-Jul-2025 10:36,1185433,,0,0,0,0,Equity Shares,7470000,547090,Buy,-,https://nsearchives.nseindia.com/corporate/xbrl/IT_1185433_1492956_25072025103658_WEB.xml,Promoter Group,141388994,15.67,248563367,Equity Shares,148858994,16.5,24-Jul-2025,25-Jul-2025,25-Jul-2025,Market Purchase,-,NSE,-
M&M,Mahindra & Mahindra Limited,7(2),Rajesh Jejurikar,24-Jul-2025 23:13,1185430,,0,0,0,0,Equity Shares,42694,547088,Buy,-,https://nsearchives.nseindia.com/corporate/xbrl/IT_1185430_1492928_24072025111354_WEB.xml,Director,133062,0.01,139220865,Equity Shares,175756,0.01,24-Jul-2025,24-Jul-2025,24-Jul-2025,ESOP,-,NA,-
M&M,Mahindra & Mahindra Limited,7(2),Mahindra & Mahindra Employees' Stock Option Trust,24-Jul-2025 19:18,1185423,,0,0,0,0,Equity Shares,48921,547085,Sell,-,https://nsearchives.nseindia.com/corporate/xbrl/IT_1185423_1492771_24072025071840_WEB.xml,Other,42520584,3.42,244605,Equity Shares,42471663,3.42,24-Jul-2025,24-Jul-2025,24-Jul-2025,ESOP,-,NA,-
VINEETLAB,Vineet Laboratories Limited,7(2),Valluri Varaprasada Rao,24-Jul-2025 18:21,1185420,,0,0,0,0,Equity Shares,607,547082,Sell,-,https://nsearchives.nseindia.com/corporate/xbrl/IT_1185420_1492633_24072025062150_WEB.xml,Promoters,17979,0.2,20237,Equity Shares,17372,0.19,19-May-2025,19-May-2025,23-Jul-2025,Market Sale,-,NSE,-
VINEETLAB,Vineet Laboratories Limited,7(2),Valluri Varaprasada Rao,24-Jul-2025 18:21,1185420,,0,0,0,0,Equity Shares,3372,547083,Sell,-,https://nsearchives.nseindia.com/corporate/xbrl/IT_1185420_1492633_24072025062150_WEB.xml,Promoters,17372,0.19,110500,Equity Shares,14000,0.15,30-Jun-2025,30-Jun-2025,23-Jul-2025,Market Sale,-,NSE,-
MASTEK,Mastek Limited,7(2),Arun Agarwal,24-Jul-2025 16:55,1185418,,0,0,0,0,Equity Shares,1000,547079,Sell,-,https://nsearchives.nseindia.com/corporate/xbrl/IT_1185418_1492374_24072025045526_WEB.xml,Employees/Designated Employees,5500,0.02,2565000,Equity Shares,4500,0.01,23-Jul-2025,23-Jul-2025,24-Jul-2025,Market Sale,-,NSE,-
DBCORP,D.B.Corp Limited,7(2),D B Power Limited,24-Jul-2025 15:01,1185409,,0,0,0,0,Equity Shares,21915,547076,Buy,-,https://nsearchives.nseindia.com/corporate/xbrl/IT_1185409_1492166_24072025030151_WEB.xml,Promoter Group,961100,0.54,6243086,Equity Shares,983015,0.55,22-Jul-2025,22-Jul-2025,23-Jul-2025,Market Purchase,-,NSE,-
DBCORP,D.B.Corp Limited,7(2),D B Power Limited,24-Jul-2025 15:01,1185409,,0,0,0,0,Equity Shares,21466,547077,Buy,-,https://nsearchives.nseindia.com/corporate/xbrl/IT_1185409_1492166_24072025030151_WEB.xml,Promoter Group,983015,0.55,6050780,Equity Shares,1004481,0.56,23-Jul-2025,23-Jul-2025,24-Jul-2025,Market Purchase,-,NSE,-
EMKAY,Emkay Global Financial Services Limited,7(2),Nirav Sheth,24-Jul-2025 13:45,1185406,,0,0,0,0,Equity Shares,68406,547072,Buy,-,https://nsearchives.nseindia.com/corporate/xbrl/IT_1185406_1492084_24072025014544_WEB.xml,-,246000,0.97,4305295,Equity Shares,314406,1.23,21-Jul-2025,23-Jul-2025,23-Jul-2025,ESOP,-,NA,-
TEJASCARGO,Tejas Cargo India Limited,7(2),Manish Bindal,24-Jul-2025 13:14,1185405,,0,0,0,0,Equity Shares,3200,547070,Buy,-,https://nsearchives.nseindia.com/corporate/xbrl/IT_1185405_1492062_24072025011413_WEB.xml,Promoters,8866606,37.11,706438,Equity Shares,8869806,37.12,22-Jul-2025,22-Jul-2025,23-Jul-2025,Market Purchase,-,NSE,-
HDBFS,HDB Financial Services Limited,7(2),Shishir Janardhan Kunder,23-Jul-2025 18:27,1185400,,0,0,0,0,Equity Shares,1722,547066,Sell,-,https://nsearchives.nseindia.com/corporate/xbrl/IT_1185400_1491606_23072025062756_WEB.xml,-,5460,0,1370109,Equity Shares,3738,0,21-Jul-2025,21-Jul-2025,22-Jul-2025,Market Sale,-,NSE,-
HDBFS,HDB Financial Services Limited,7(2),Shishir Janardhan Kunder,23-Jul-2025 18:27,1185400,,0,0,0,0,Equity Shares,278,547067,Sell,-,https://nsearchives.nseindia.com/corporate/xbrl/IT_1185400_1491606_23072025062756_WEB.xml,-,3738,0,212809,Equity Shares,3460,0,21-Jul-2025,21-Jul-2025,23-Jul-2025,Market Sale,-,BSE,-
HDBFS,HDB Financial Services Limited,7(2),Sreedhar T V S,23-Jul-2025 18:27,1185400,,0,0,0,0,Equity Shares,10080,547068,Sell,-,https://nsearchives.nseindia.com/corporate/xbrl/IT_1185400_1491606_23072025062756_WEB.xml,-,10130,0,8009770,Equity Shares,50,0,21-Jul-2025,21-Jul-2025,22-Jul-2025,Market Sale,-,NSE,-
MONOLITH,Monolithisch India Limited,7(2),PRABHAT TEKRIWAL,23-Jul-2025 17:51,1185397,,0,0,0,0,Equity Shares,6000,547060,Buy,-,https://nsearchives.nseindia.com/corporate/xbrl/IT_1185397_1491531_23072025055123_WEB.xml,Promoters,2079960,9.57,409,Equity Shares,2085960,9.61,-,-,23-Jul-2025,Market Purchase,-,NSE,-
MONOLITH,Monolithisch India Limited,7(2),PRABHAT TEKRIWAL,23-Jul-2025 17:51,1185397,,0,0,0,0,Equity Shares,1000,547061,Buy,-,https://nsearchives.nseindia.com/corporate/xbrl/IT_1185397_1491531_23072025055123_WEB.xml,Promoters,2079960,9.57,409,Equity Shares,2080960,9.58,-,-,23-Jul-2025,Market Purchase,-,NSE,-
MONOLITH,Monolithisch India Limited,7(2),PRABHAT TEKRIWAL,23-Jul-2025 17:51,1185397,,0,0,0,0,Equity Shares,7000,547062,Buy,-,https://nsearchives.nseindia.com/corporate/xbrl/IT_1185397_1491531_23072025055123_WEB.xml,Promoters,2079960,9.57,409,Equity Shares,2086960,9.61,-,-,23-Jul-2025,Market Purchase,-,NSE,-
MONOLITH,Monolithisch India Limited,7(2),PRABHAT TEKRIWAL,23-Jul-2025 17:51,1185397,,0,0,0,0,Equity Shares,1000,547059,Buy,-,https://nsearchives.nseindia.com/corporate/xbrl/IT_1185397_1491531_23072025055123_WEB.xml,Promoters,2079960,9.57,408,Equity Shares,2080960,9.58,-,-,23-Jul-2025,Market Purchase,-,NSE,-
MONOLITH,Monolithisch India Limited,7(2),PRABHAT TEKRIWAL,23-Jul-2025 17:51,1185397,,0,0,0,0,Equity Shares,2000,547058,Buy,-,https://nsearchives.nseindia.com/corporate/xbrl/IT_1185397_1491531_23072025055123_WEB.xml,Promoters,2079960,9.57,407,Equity Shares,2081960,9.59,-,-,23-Jul-2025,Market Purchase,-,NSE,-
MONOLITH,Monolithisch India Limited,7(2),PRABHAT TEKRIWAL,23-Jul-2025 17:51,1185397,,0,0,0,0,Equity Shares,1000,547056,Buy,-,https://nsearchives.nseindia.com/corporate/xbrl/IT_1185397_1491531_23072025055123_WEB.xml,Promoters,2079960,9.57,410,Equity Shares,2080960,9.58,-,-,23-Jul-2025,Market Purchase,-,NSE,-
MONOLITH,Monolithisch India Limited,7(2),PRABHAT TEKRIWAL,23-Jul-2025 17:51,1185397,,0,0,0,0,Equity Shares,9000,547057,Buy,-,https://nsearchives.nseindia.com/corporate/xbrl/IT_1185397_1491531_23072025055123_WEB.xml,Promoters,2079960,9.57,409,Equity Shares,2088960,9.62,-,-,23-Jul-2025,Market Purchase,-,NSE,-
MAITHANALL,Maithan Alloys Limited,7(2),Sheela Devi Agarwalla,23-Jul-2025 17:48,1185396,,0,0,0,0,Equity Shares,121967,547055,Sell,-,https://nsearchives.nseindia.com/corporate/xbrl/IT_1185396_1491521_23072025054818_WEB.xml,Promoter Group,6350337,21.81,0,Equity Shares,6228370,21.39,23-Jul-2025,23-Jul-2025,23-Jul-2025,Gift,-,NA,-
MAITHANALL,Maithan Alloys Limited,7(2),Mitu Agarwalla,23-Jul-2025 17:48,1185396,,0,0,0,0,Equity Shares,15000,547053,Buy,-,https://nsearchives.nseindia.com/corporate/xbrl/IT_1185396_1491521_23072025054818_WEB.xml,Promoter Group,10000,0.03,0,Equity Shares,25000,0.09,23-Jul-2025,23-Jul-2025,23-Jul-2025,Gift,-,NA,-
MAITHANALL,Maithan Alloys Limited,7(2),Sudhanshu Agarwalla,23-Jul-2025 17:48,1185396,,0,0,0,0,Equity Shares,25000,547052,Buy,-,https://nsearchives.nseindia.com/corporate/xbrl/IT_1185396_1491521_23072025054818_WEB.xml,Promoter Group,25000,0.09,0,Equity Shares,50000,0.17,23-Jul-2025,23-Jul-2025,23-Jul-2025,Gift,-,NA,-
MAITHANALL,Maithan Alloys Limited,7(2),Subhas Chandra Agarwalla,23-Jul-2025 17:48,1185396,,0,0,0,0,Equity Shares,41567,547050,Buy,-,https://nsearchives.nseindia.com/corporate/xbrl/IT_1185396_1491521_23072025054818_WEB.xml,Promoters,6186803,21.25,0,Equity Shares,6228370,21.39,23-Jul-2025,23-Jul-2025,23-Jul-2025,Gift,-,NA,-
MAITHANALL,Maithan Alloys Limited,7(2),Subodh Agarwalla,23-Jul-2025 17:48,1185396,,0,0,0,0,Equity Shares,25000,547051,Buy,-,https://nsearchives.nseindia.com/corporate/xbrl/IT_1185396_1491521_23072025054818_WEB.xml,Promoter Group,25000,0.09,0,Equity Shares,50000,0.17,23-Jul-2025,23-Jul-2025,23-Jul-2025,Gift,-,NA,-
MAITHANALL,Maithan Alloys Limited,7(2),Tripti Agarwalla,23-Jul-2025 17:48,1185396,,0,0,0,0,Equity Shares,15400,547054,Buy,-,https://nsearchives.nseindia.com/corporate/xbrl/IT_1185396_1491521_23072025054818_WEB.xml,Promoter Group,9600,0.03,0,Equity Shares,25000,0.09,23-Jul-2025,23-Jul-2025,23-Jul-2025,Gift,-,NA,-
DMART,Avenue Supermarts Limited,7(2),Ignatius Navil Noronha,23-Jul-2025 17:24,1185394,,0,0,0,0,Equity Shares,10000,547042,Sell,-,https://nsearchives.nseindia.com/corporate/xbrl/IT_1185394_1491474_23072025052410_WEB.xml,Director,12582414,1.93,40352400,Equity Shares,12572414,1.93,22-Jul-2025,22-Jul-2025,22-Jul-2025,Market Sale,-,NSE,-
DMART,Avenue Supermarts Limited,7(2),Manoranjan Suresh Sahoo,23-Jul-2025 17:24,1185394,,0,0,0,0,Equity Shares,2000,547043,Sell,-,https://nsearchives.nseindia.com/corporate/xbrl/IT_1185394_1491474_23072025052410_WEB.xml,-,44740,0,8153767,Equity Shares,42740,0,22-Jul-2025,22-Jul-2025,23-Jul-2025,Market Sale,-,NSE,-
FONEBOX,Fonebox Retail Limited,7(2),RUSHI MANISHKUMAR PATEL,23-Jul-2025 16:55,1185392,,0,0,0,0,Equity Shares,4000,547039,Buy,-,https://nsearchives.nseindia.com/corporate/xbrl/IT_1185392_1491421_23072025045557_WEB.xml,Immediate relative,5000,0.05,376800,Equity Shares,9000,0.09,21-Jul-2025,22-Jul-2025,23-Jul-2025,Market Purchase,-,NSE,-
WIPRO,Wipro Limited,7(2),Ashiq Hassanali,23-Jul-2025 16:18,1185389,,0,0,0,0,ADR/GDR/FCCB,12870,547030,Sell,-,https://nsearchives.nseindia.com/corporate/xbrl/IT_1185389_1491327_23072025041815_WEB.xml,Employees/Designated Employees,12870,0,3279202,ADR/GDR/FCCB,Nil,0,21-Jul-2025,21-Jul-2025,22-Jul-2025,Market Sale,-,-,-
INFY,Infosys Limited,7(2),Bela Parikh,23-Jul-2025 16:17,1185388,,0,0,0,0,Equity Shares,860,547029,Buy,-,https://nsearchives.nseindia.com/corporate/xbrl/IT_1185388_1491325_23072025041735_WEB.xml,Immediate relative,2754,0,1373110,Equity Shares,3614,0,13-Jun-2025,13-Jun-2025,21-Jul-2025,Market Purchase,-,NSE,-
GGBL,Ganesh Green Bharat Limited,7(2),Dhanjibhai Narsinhbhai Patel,23-Jul-2025 15:46,1185385,,0,0,0,0,Equity Shares,2400,547026,Sell,-,https://nsearchives.nseindia.com/corporate/xbrl/IT_1185385_1491259_23072025034609_WEB.xml,Promoter Group,240000,0.97,1291928,Equity Shares,237600,0.96,14-Jul-2025,18-Jul-2025,22-Jul-2025,Market Sale,-,NSE,-
GEOJITFSL,Geojit Financial Services Limited,7(2),BNP Paribas SA,23-Jul-2025 15:28,1185384,,0,0,0,0,Equity Shares,18547,547025,Sell,-,https://nsearchives.nseindia.com/corporate/xbrl/IT_1185384_1491235_23072025032823_WEB.xml,Promoters,62659283,22.45,1410038,Equity Shares,62640736,22.44,21-Jul-2025,21-Jul-2025,23-Jul-2025,Market Sale,-,NSE,-
SUNREST,Sunrest Lifescience Limited,7(2),NIKHILKUMAR YASHVNTLAL THAKKAR,23-Jul-2025 15:24,1185381,,0,0,0,0,Equity Shares,148800,547022,Sell,-,https://nsearchives.nseindia.com/corporate/xbrl/IT_1185381_1491228_23072025032421_WEB.xml,Promoters,750000,17.48,7514400,Equity Shares,601200,14.01,22-Jul-2025,22-Jul-2025,23-Jul-2025,Market Sale,-,NSE,-
KIRLOSIND,Kirloskar Industries Limited,7(2),Sudhakar Natekar,23-Jul-2025 11:40,1185375,,0,0,0,0,Equity Shares,139,547019,Buy,-,https://nsearchives.nseindia.com/corporate/xbrl/IT_1185375_1490994_23072025114058_WEB.xml,Employees/Designated Employees,137,0,1390,Equity Shares,276,0,23-Jul-2025,23-Jul-2025,23-Jul-2025,ESOP,-,NA,-
KIRLOSIND,Kirloskar Industries Limited,7(2),Manisha Bakshi,23-Jul-2025 11:40,1185375,,0,0,0,0,Equity Shares,278,547018,Buy,-,https://nsearchives.nseindia.com/corporate/xbrl/IT_1185375_1490994_23072025114058_WEB.xml,Employees/Designated Employees,298,0,2780,Equity Shares,576,0,23-Jul-2025,23-Jul-2025,23-Jul-2025,ESOP,-,NA,-
KIRLOSIND,Kirloskar Industries Limited,7(2),Anandh Baheti,23-Jul-2025 11:40,1185375,,0,0,0,0,Equity Shares,869,547017,Buy,-,https://nsearchives.nseindia.com/corporate/xbrl/IT_1185375_1490994_23072025114058_WEB.xml,Key Managerial Personnel,200,0,8690,Equity Shares,1069,0,23-Jul-2025,23-Jul-2025,23-Jul-2025,ESOP,-,NA,-
KIRLOSIND,Kirloskar Industries Limited,7(2),Kiran Chaudhari,23-Jul-2025 11:40,1185375,,0,0,0,0,Equity Shares,139,547020,Buy,-,https://nsearchives.nseindia.com/corporate/xbrl/IT_1185375_1490994_23072025114058_WEB.xml,Employees/Designated Employees,137,0,1390,Equity Shares,276,0,23-Jul-2025,23-Jul-2025,23-Jul-2025,ESOP,-,NA,-
HCLTECH,HCL Technologies Limited,7(2),Saurabh Kumar,22-Jul-2025 20:44,1185373,,0,0,0,0,Equity Shares,8658,547011,Buy,-,https://nsearchives.nseindia.com/corporate/xbrl/IT_1185373_1490865_22072025084428_WEB.xml,-,Nil,0,13537649,Equity Shares,8658,0,17-Jul-2025,17-Jul-2025,21-Jul-2025,ESOP,-,NA,-
HCLTECH,HCL Technologies Limited,7(2),RAHUL SOOD,22-Jul-2025 20:44,1185373,,0,0,0,0,Equity Shares,1828,547010,Buy,-,https://nsearchives.nseindia.com/corporate/xbrl/IT_1185373_1490865_22072025084428_WEB.xml,-,Nil,0,2858261,Equity Shares,1828,0,17-Jul-2025,17-Jul-2025,21-Jul-2025,ESOP,-,NA,-
HCLTECH,HCL Technologies Limited,7(2),Vinay Bhanot,22-Jul-2025 20:44,1185373,,0,0,0,0,Equity Shares,14430,547012,Buy,-,https://nsearchives.nseindia.com/corporate/xbrl/IT_1185373_1490865_22072025084428_WEB.xml,-,26,0,22562748,Equity Shares,14456,0,17-Jul-2025,17-Jul-2025,21-Jul-2025,ESOP,-,NA,-
HCLTECH,HCL Technologies Limited,7(2),HCL Technologies Stock Options Trust,22-Jul-2025 20:34,1185371,,0,0,0,0,Equity Shares,24916,547006,Sell,-,https://nsearchives.nseindia.com/corporate/xbrl/IT_1185371_1490853_22072025083412_WEB.xml,-,4359622,0.16,38958658,Equity Shares,4334706,0.16,17-Jul-2025,17-Jul-2025,21-Jul-2025,ESOP,-,NA,-
M&M,Mahindra & Mahindra Limited,7(2),Ganesh Gangadhar Kota,22-Jul-2025 19:29,1185366,,0,0,0,0,Equity Shares,336,547004,Pledge Revoke,-,https://nsearchives.nseindia.com/corporate/xbrl/IT_1185366_1490784_22072025072902_WEB.xml,Employees/Designated Employees,2484,0,1015930,Equity Shares,2484,0,16-Jun-2025,16-Jun-2025,22-Jul-2025,Revokation of Pledge,-,NA,-
DMART,Avenue Supermarts Limited,7(2),Rajeshkumar Jain,22-Jul-2025 17:45,1185363,,0,0,0,0,Equity Shares,3000,547002,Sell,-,https://nsearchives.nseindia.com/corporate/xbrl/IT_1185363_1490514_22072025054536_WEB.xml,-,289734,0.04,12069900,Equity Shares,286734,0.04,21-Jul-2025,21-Jul-2025,21-Jul-2025,Market Sale,-,NSE,-
YASHOPTICS,Yash Optics & Lens Limited,7(2),TARUN MANHARLAL DOSHI,22-Jul-2025 17:44,1185361,,0,0,0,0,Equity Shares,1600,547000,Buy,-,https://nsearchives.nseindia.com/corporate/xbrl/IT_1185361_1490507_22072025054451_WEB.xml,Promoters,5479571,22.13,135200,Equity Shares,5481171,22.13,21-Jul-2025,21-Jul-2025,22-Jul-2025,Market Purchase,-,NSE,-
GEOJITFSL,Geojit Financial Services Limited,7(2),BNP Paribas SA,22-Jul-2025 17:36,1185359,,0,0,0,0,Equity Shares,201351,546998,Sell,-,https://nsearchives.nseindia.com/corporate/xbrl/IT_1185359_1490485_22072025053637_WEB.xml,Promoters,62860634,22.52,15370898,Equity Shares,62659283,22.45,18-Jul-2025,18-Jul-2025,22-Jul-2025,Market Sale,-,NSE,-
INFINIUM,Infinium Pharmachem Limited,7(2),Varshaben Pravinbhai Madhani,21-Jul-2025 19:48,1185356,,0,0,0,0,Equity Shares,779156,546993,Sell,-,https://nsearchives.nseindia.com/corporate/xbrl/IT_1185356_1489665_21072025074843_WEB.xml,Promoter Group,1145840,7.35,0,Equity Shares,366684,2.35,21-Jul-2025,21-Jul-2025,21-Jul-2025,Gift,-,NSE,-
INFINIUM,Infinium Pharmachem Limited,7(2),Pravin Bhadabhai Madhani,21-Jul-2025 19:48,1185356,,0,0,0,0,Equity Shares,1472720,546994,Buy,-,https://nsearchives.nseindia.com/corporate/xbrl/IT_1185356_1489665_21072025074843_WEB.xml,Promoters,1901840,12.2,0,Equity Shares,3374560,21.65,21-Jul-2025,21-Jul-2025,21-Jul-2025,Gift,-,NSE,-
INFINIUM,Infinium Pharmachem Limited,7(2),Krunal Pravinbhai Madhani,21-Jul-2025 19:48,1185356,,0,0,0,0,Equity Shares,779156,546995,Buy,-,https://nsearchives.nseindia.com/corporate/xbrl/IT_1185356_1489665_21072025074843_WEB.xml,Promoter Group,Nil,0,0,Equity Shares,779156,5,21-Jul-2025,21-Jul-2025,21-Jul-2025,Gift,-,NSE,-
INFINIUM,Infinium Pharmachem Limited,7(2),Bhadabhai Kacharabhai Madhani,21-Jul-2025 19:48,1185356,,0,0,0,0,Equity Shares,1472720,546992,Sell,-,https://nsearchives.nseindia.com/corporate/xbrl/IT_1185356_1489665_21072025074843_WEB.xml,Promoter Group,1472720,9.45,0,Equity Shares,Nil,0,21-Jul-2025,21-Jul-2025,21-Jul-2025,Gift,-,NSE,-
GANECOS,Ganesha Ecosphere Limited,7(2),GPL Finance Limited,21-Jul-2025 19:46,1185355,,0,0,0,0,Equity Shares,1339000,546991,Buy,-,https://nsearchives.nseindia.com/corporate/xbrl/IT_1185355_1489655_21072025074644_WEB.xml,Promoter Group,2323809,9.13,1039327500,Equity Shares,3662809,13.67,17-Jul-2025,17-Jul-2025,17-Jul-2025,Conversion of security,-,NA,-
DMART,Avenue Supermarts Limited,7(2),Ignatius Navil Noronha,21-Jul-2025 17:59,1185351,,0,0,0,0,Equity Shares,5000,546984,Sell,-,https://nsearchives.nseindia.com/corporate/xbrl/IT_1185351_1489255_21072025055905_WEB.xml,Director,12587414,1.93,20180000,Equity Shares,12582414,1.93,18-Jul-2025,18-Jul-2025,19-Jul-2025,Market Sale,-,NSE,-
DMART,Avenue Supermarts Limited,7(2),Bhuvan Reddy,21-Jul-2025 17:59,1185351,,0,0,0,0,Equity Shares,1000,546985,Sell,-,https://nsearchives.nseindia.com/corporate/xbrl/IT_1185351_1489255_21072025055905_WEB.xml,-,43431,0,4050000,Equity Shares,42431,0,18-Jul-2025,18-Jul-2025,21-Jul-2025,Market Sale,-,NSE,-
SONATSOFTW,Sonata Software Limited,7(2),Sonata Software Limited Employee Welfare Trust,21-Jul-2025 16:00,1185348,,0,0,0,0,Equity Shares,55360,546981,Buy,-,https://nsearchives.nseindia.com/corporate/xbrl/IT_1185348_1488830_21072025040052_WEB.xml,Other,2777851,0.99,24238465,Equity Shares,2833211,1.01,17-Jul-2025,18-Jul-2025,21-Jul-2025,Market Purchase,-,NSE,-
NIITLTD,NIIT Limited,7(2),Sapnesh Kumar Lalla,21-Jul-2025 15:35,1185346,,0,0,0,0,Equity Shares,57000,546977,Buy,-,https://nsearchives.nseindia.com/corporate/xbrl/IT_1185346_1488757_21072025033524_WEB.xml,Director,575052,0.42,2325660,Equity Shares,632052,0.46,16-Jul-2025,16-Jul-2025,17-Jul-2025,ESOP,-,NA,-
NIITLTD,NIIT Limited,7(2),Rajan Venkataraman,21-Jul-2025 15:35,1185346,,0,0,0,0,Equity Shares,100000,546978,Buy,-,https://nsearchives.nseindia.com/corporate/xbrl/IT_1185346_1488757_21072025033524_WEB.xml,-,1,0,4079000,Equity Shares,100001,0.07,16-Jul-2025,16-Jul-2025,17-Jul-2025,ESOP,-,NA,-
NIITLTD,NIIT Limited,7(2),Udai Singh,21-Jul-2025 15:35,1185346,,0,0,0,0,Equity Shares,75000,546979,Buy,-,https://nsearchives.nseindia.com/corporate/xbrl/IT_1185346_1488757_21072025033524_WEB.xml,-,168151,0.12,3017000,Equity Shares,243151,0.18,16-Jul-2025,16-Jul-2025,17-Jul-2025,ESOP,-,NA,-
LEMERITE,Le Merite Exports Limited,7(2),Ashadevi Lath,21-Jul-2025 15:28,1185344,,0,0,0,0,Equity Shares,30000,546973,Sell,-,https://nsearchives.nseindia.com/corporate/xbrl/IT_1185344_1488738_21072025032859_WEB.xml,Promoter Group,6464400,26.6,9961500,Equity Shares,6434400,26.48,17-Jul-2025,17-Jul-2025,18-Jul-2025,Market Sale,-,NSE,-
DHARIWAL,Dhariwalcorp Limited,7(2),Shakshi Dhariwal,21-Jul-2025 14:32,1185340,,0,0,0,0,Warrants,300000,546969,Buy,-,https://nsearchives.nseindia.com/corporate/xbrl/IT_1185340_1488616_21072025023239_WEB.xml,Director,Nil,0,11511750,Warrants,300000,66.67,16-Jul-2025,16-Jul-2025,17-Jul-2025,Preferential Offer,-,NA,-
DHARIWAL,Dhariwalcorp Limited,7(2),Dilip Dhariwal,21-Jul-2025 14:32,1185340,,0,0,0,0,Warrants,50000,546970,Buy,-,https://nsearchives.nseindia.com/corporate/xbrl/IT_1185340_1488616_21072025023239_WEB.xml,Director,Nil,0,1918625,Warrants,50000,11.11,16-Jul-2025,16-Jul-2025,17-Jul-2025,Preferential Offer,-,NA,-
SAKHTISUG,Sakthi Sugars Limited,7(2),ABT INVESTMENTS (INDIA) PRIVATE LIMITED,19-Jul-2025 17:22,1185337,,0,0,0,0,Equity Shares,13000000,546966,Pledge Revoke,-,https://nsearchives.nseindia.com/corporate/xbrl/IT_1185337_1487893_19072025052251_WEB.xml,Promoter Group,66473540,55.93,330850000,Equity Shares,66473540,55.93,16-Jul-2025,16-Jul-2025,18-Jul-2025,Revokation of Pledge,-,NA,-
GENUSPOWER,Genus Power Infrastructures Limited,7(2),SHARDA TODI,19-Jul-2025 16:20,1185334,,0,0,0,0,Equity Shares,500000,546964,Pledge,-,https://nsearchives.nseindia.com/corporate/xbrl/IT_1185334_1487804_19072025042035_WEB.xml,Promoters,2369927,0.78,188550000,Equity Shares,2369927,0.78,17-Jul-2025,17-Jul-2025,19-Jul-2025,Pledge Creation,-,NA,-
FONEBOX,Fonebox Retail Limited,7(2),RUSHI MANISHKUMAR PATEL,19-Jul-2025 14:51,1185332,,0,0,0,0,Equity Shares,1000,546962,Buy,-,https://nsearchives.nseindia.com/corporate/xbrl/IT_1185332_1487669_19072025025110_WEB.xml,Immediate relative,4000,0.04,90500,Equity Shares,5000,0.05,17-Jul-2025,17-Jul-2025,19-Jul-2025,Market Purchase,-,NSE,-
SONATSOFTW,Sonata Software Limited,7(2),Sonata Software Limited Employee Welfare Trust,18-Jul-2025 20:19,1185329,,0,0,0,0,Equity Shares,82844,546956,Buy,-,https://nsearchives.nseindia.com/corporate/xbrl/IT_1185329_1487284_18072025081920_WEB.xml,Other,2695007,0.96,36001762,Equity Shares,2777851,0.99,14-Jul-2025,16-Jul-2025,16-Jul-2025,Market Purchase,-,NSE,-
FALCONTECH,Falcon Technoprojects India Limited,7(2),Bharat Shreekishan Parihar,18-Jul-2025 17:57,1185326,,0,0,0,0,Equity Shares,132000,546954,Sell,-,https://nsearchives.nseindia.com/corporate/xbrl/IT_1185326_1486929_18072025055742_WEB.xml,Promoters,1997178,37.28,2039400,Equity Shares,1865178,34.82,18-Jul-2025,18-Jul-2025,18-Jul-2025,Market Sale,-,NSE,-
FALCONTECH,Falcon Technoprojects India Limited,7(2),Bharat Shreekishan Parihar,18-Jul-2025 17:57,1185326,,0,0,0,0,Equity Shares,140400,546953,Sell,-,https://nsearchives.nseindia.com/corporate/xbrl/IT_1185326_1486929_18072025055742_WEB.xml,Promoters,2137578,39.9,2250612,Equity Shares,1997178,37.28,17-Jul-2025,17-Jul-2025,18-Jul-2025,Market Sale,-,NSE,-
DMART,Avenue Supermarts Limited,7(2),RAJESHKUMAR JAIN,18-Jul-2025 17:51,1185324,,0,0,0,0,Equity Shares,1255,546950,Sell,-,https://nsearchives.nseindia.com/corporate/xbrl/IT_1185324_1486902_18072025055110_WEB.xml,-,290989,0.04,5095300,Equity Shares,289734,0.04,17-Jul-2025,17-Jul-2025,17-Jul-2025,Market Sale,-,NSE,-
GPIL,Godawari Power And Ispat limited,7(2),Yarra Chandra Rao,18-Jul-2025 17:25,1185321,,0,0,0,0,Equity Shares,10000,546944,Buy,-,https://nsearchives.nseindia.com/corporate/xbrl/IT_1185321_1486801_18072025052522_WEB.xml,Key Managerial Personnel,26465,0,1162000,Equity Shares,36465,0,17-Jul-2025,17-Jul-2025,18-Jul-2025,ESOP,-,NA,-
GPIL,Godawari Power And Ispat limited,7(2),Nishant Bajpai,18-Jul-2025 17:25,1185321,,0,0,0,0,Equity Shares,10000,546947,Buy,-,https://nsearchives.nseindia.com/corporate/xbrl/IT_1185321_1486801_18072025052522_WEB.xml,Employees/Designated Employees,165,0,1162000,Equity Shares,10165,0,17-Jul-2025,17-Jul-2025,18-Jul-2025,ESOP,-,NA,-
GPIL,Godawari Power And Ispat limited,7(2),Reetesh Kumar,18-Jul-2025 17:25,1185321,,0,0,0,0,Equity Shares,12900,546943,Buy,-,https://nsearchives.nseindia.com/corporate/xbrl/IT_1185321_1486801_18072025052522_WEB.xml,Employees/Designated Employees,16460,0,1498980,Equity Shares,29360,0,17-Jul-2025,17-Jul-2025,18-Jul-2025,ESOP,-,NA,-
GPIL,Godawari Power And Ispat limited,7(2),Dinesh Kumar Gandhi,18-Jul-2025 17:25,1185321,,0,0,0,0,Equity Shares,15000,546942,Buy,-,https://nsearchives.nseindia.com/corporate/xbrl/IT_1185321_1486801_18072025052522_WEB.xml,Director,15000,0,1743000,Equity Shares,30000,0,17-Jul-2025,17-Jul-2025,18-Jul-2025,ESOP,-,NA,-
GPIL,Godawari Power And Ispat limited,7(2),Swarup Biswas,18-Jul-2025 17:25,1185321,,0,0,0,0,Equity Shares,11375,546948,Buy,-,https://nsearchives.nseindia.com/corporate/xbrl/IT_1185321_1486801_18072025052522_WEB.xml,Employees/Designated Employees,4,0,1321775,Equity Shares,11379,0,17-Jul-2025,17-Jul-2025,18-Jul-2025,ESOP,-,NA,-
GPIL,Godawari Power And Ispat limited,7(2),Sanjay Bothra,18-Jul-2025 17:25,1185321,,0,0,0,0,Equity Shares,10000,546945,Buy,-,https://nsearchives.nseindia.com/corporate/xbrl/IT_1185321_1486801_18072025052522_WEB.xml,Key Managerial Personnel,29965,0,1162000,Equity Shares,39965,0.01,17-Jul-2025,17-Jul-2025,18-Jul-2025,ESOP,-,NA,-
GPIL,Godawari Power And Ispat limited,7(2),Dinesh Kumar Gupta,18-Jul-2025 17:25,1185321,,0,0,0,0,Equity Shares,15000,546946,Buy,-,https://nsearchives.nseindia.com/corporate/xbrl/IT_1185321_1486801_18072025052522_WEB.xml,Employees/Designated Employees,Nil,0,1743000,Equity Shares,15000,0,17-Jul-2025,17-Jul-2025,18-Jul-2025,ESOP,-,NA,-
NEWJAISA,Newjaisa Technologies Limited,7(2),Mukunda Raghavendra,18-Jul-2025 17:15,1185320,,0,0,0,0,Equity Shares,31500,546941,Sell,-,https://nsearchives.nseindia.com/corporate/xbrl/IT_1185320_1486770_18072025051514_WEB.xml,Promoters,972062,2.74,1026690,Equity Shares,940562,2.66,16-Jul-2025,16-Jul-2025,17-Jul-2025,Market Sale,-,NSE,-
NAUKRI,Info Edge (India) Limited,7(2),Info Edge Employees Stock Option Plan Trust,18-Jul-2025 16:48,1185317,,0,0,0,0,Equity Shares,9731,546932,Sell,-,https://nsearchives.nseindia.com/corporate/xbrl/IT_1185317_1486694_18072025044845_WEB.xml,Other,575150,0.09,19462,Equity Shares,565419,0.09,17-Jul-2025,17-Jul-2025,18-Jul-2025,ESOP,-,NA,-
GANECOS,Ganesha Ecosphere Limited,7(2),GPL Finance Limited,17-Jul-2025 20:08,1185315,,0,0,0,0,Equity Shares,1025000,546930,Pledge,-,https://nsearchives.nseindia.com/corporate/xbrl/IT_1185315_1485946_17072025080812_WEB.xml,Promoter Group,2323809,9.13,158823750,Equity Shares,2323809,9.13,16-Jul-2025,16-Jul-2025,17-Jul-2025,Pledge Creation,-,NA,-
ECLERX,eClerx Services Limited,7(2),Eclerx Employee Welfare Trust,17-Jul-2025 20:07,1185314,,0,0,0,0,Equity Shares,5536,546929,Sell,-,https://nsearchives.nseindia.com/corporate/xbrl/IT_1185314_1485944_17072025080659_WEB.xml,Other,654710,1.37,4522856,Equity Shares,649174,1.36,17-Jul-2025,17-Jul-2025,17-Jul-2025,Off Market,-,NA,-
INFIBEAM,Infibeam Avenues Limited,7(2),Vivek Vishwas Patel,17-Jul-2025 19:18,1185311,,0,0,0,0,Equity Shares,9786516,546925,Buy,-,https://nsearchives.nseindia.com/corporate/xbrl/IT_1185311_1485875_17072025071803_WEB.xml,Immediate relative,39000000,1.4,48932580,Equity Shares,48786516,1.4,16-Jul-2025,16-Jul-2025,17-Jul-2025,Others,-,NA,-
INFIBEAM,Infibeam Avenues Limited,7(2),Infibeam Employee Welfare Trust,17-Jul-2025 19:18,1185311,,0,0,0,0,Equity Shares,3089438,546926,Buy,-,https://nsearchives.nseindia.com/corporate/xbrl/IT_1185311_1485875_17072025071803_WEB.xml,Other,12311642,0.44,15447190,Equity Shares,15401080,0.44,16-Jul-2025,16-Jul-2025,17-Jul-2025,Others,-,NA,-
INFIBEAM,Infibeam Avenues Limited,7(2),Varini V. Patel,17-Jul-2025 19:18,1185311,,0,0,0,0,Equity Shares,16555196,546924,Buy,-,https://nsearchives.nseindia.com/corporate/xbrl/IT_1185311_1485875_17072025071803_WEB.xml,Immediate relative,65973694,2.37,82775980,Equity Shares,82528890,2.37,16-Jul-2025,16-Jul-2025,17-Jul-2025,Others,-,NA,-
FONEBOX,Fonebox Retail Limited,7(2),RUSHI MANISHKUMAR PATEL,17-Jul-2025 17:05,1185308,,0,0,0,0,Equity Shares,4000,546920,Buy,-,https://nsearchives.nseindia.com/corporate/xbrl/IT_1185308_1485530_17072025050544_WEB.xml,Immediate relative,Nil,0,366000,Equity Shares,4000,0.04,15-Jul-2025,16-Jul-2025,17-Jul-2025,Market Purchase,-,NSE,-
NAUKRI,Info Edge (India) Limited,7(2),Info Edge Employees Stock Option Plan Trust,17-Jul-2025 16:43,1185306,,0,0,0,0,Equity Shares,654,546918,Sell,-,https://nsearchives.nseindia.com/corporate/xbrl/IT_1185306_1485489_17072025044310_WEB.xml,Other,575804,0.09,1308,Equity Shares,575150,0.09,16-Jul-2025,16-Jul-2025,16-Jul-2025,ESOP,-,NA,-
HOMESFY,Homesfy Realty Limited,7(2),Ashish Kukreja,17-Jul-2025 14:53,1185304,,0,0,0,0,Equity Shares,1800,546916,Buy,-,https://nsearchives.nseindia.com/corporate/xbrl/IT_1185304_1485264_17072025025350_WEB.xml,Promoters,1514712,46.95,534060,Equity Shares,1516512,47,15-Jul-2025,16-Jul-2025,17-Jul-2025,Market Purchase,-,NSE,-
SUNREST,Sunrest Lifescience Limited,7(2),AMITBHAI SHAMBHULAL THAKKAR,17-Jul-2025 14:11,1185301,,0,0,0,0,Equity Shares,99200,546913,Sell,-,https://nsearchives.nseindia.com/corporate/xbrl/IT_1185301_1485187_17072025021139_WEB.xml,Promoters,749000,17.45,4999680,Equity Shares,649800,15.14,16-Jul-2025,16-Jul-2025,17-Jul-2025,Market Sale,-,NSE,-
SDBL,Som Distilleries & Breweries Limited,7(2),DEEPAK ARORA,17-Jul-2025 14:02,1185299,,0,0,0,0,Equity Shares,10000,546911,Buy,-,https://nsearchives.nseindia.com/corporate/xbrl/IT_1185299_1485178_17072025020205_WEB.xml,Promoters,4497525,2.16,1407679,Equity Shares,4507525,2.17,04-Jun-2025,04-Jun-2025,16-Jul-2025,Market Purchase,-,NSE,-
AARVEEDEN,Aarvee Denims & Exports Limited,7(2),Jaimin Kailash Gupta,16-Jul-2025 23:19,1185297,,0,0,0,0,Equity Shares,4588143,546907,Buy,-,https://nsearchives.nseindia.com/corporate/xbrl/IT_1185297_1484883_16072025111908_WEB.xml,Other,8812561,34.2,115208270,Equity Shares,13400704,52.01,09-Jul-2025,10-Jul-2025,14-Jul-2025,Off Market,-,NA,-
AARVEEDEN,Aarvee Denims & Exports Limited,7(2),Mr. Tarachand Gangasahay Agrawal,16-Jul-2025 23:19,1185297,,0,0,0,0,Equity Shares,1172990,546908,Buy,-,https://nsearchives.nseindia.com/corporate/xbrl/IT_1185297_1484883_16072025111908_WEB.xml,Other,Nil,0,29453779,Equity Shares,1172990,4.55,09-Jul-2025,10-Jul-2025,14-Jul-2025,Off Market,-,NA,-
AARVEEDEN,Aarvee Denims & Exports Limited,7(2),Qmin Industries Limited,16-Jul-2025 23:19,1185297,,0,0,0,0,Equity Shares,2111382,546909,Buy,-,https://nsearchives.nseindia.com/corporate/xbrl/IT_1185297_1484883_16072025111908_WEB.xml,Other,224279,0.87,53016802,Equity Shares,2335561,9.07,09-Jul-2025,10-Jul-2025,14-Jul-2025,Off Market,-,NA,-
M&M,Mahindra & Mahindra Limited,7(2),Puneet Mehta,16-Jul-2025 21:17,1185295,,0,0,0,0,Equity Shares,1500,546903,Buy,-,https://nsearchives.nseindia.com/corporate/xbrl/IT_1185295_1484854_16072025091705_WEB.xml,Employees/Designated Employees,13271,0,4694475,Equity Shares,14771,0,15-Jul-2025,15-Jul-2025,16-Jul-2025,ESOP,-,NA,-
GENUSPOWER,Genus Power Infrastructures Limited,7(2),SHARDA TODI,16-Jul-2025 14:47,1185292,,0,0,0,0,Equity Shares,1600000,546899,Pledge,-,https://nsearchives.nseindia.com/corporate/xbrl/IT_1185292_1484108_16072025024734_WEB.xml,Promoters,2369927,0.78,579600000,Equity Shares,2369927,0.78,11-Jul-2025,11-Jul-2025,14-Jul-2025,Pledge Creation,-,NA,-
M&M,Mahindra & Mahindra Limited,7(2),Ninad Butala,15-Jul-2025 20:57,1185290,,0,0,0,0,Equity Shares,566,546896,Buy,-,https://nsearchives.nseindia.com/corporate/xbrl/IT_1185290_1483706_15072025085745_WEB.xml,Employees/Designated Employees,Nil,0,1771382,Equity Shares,566,0,15-Jul-2025,15-Jul-2025,15-Jul-2025,ESOP,-,NA,-
M&M,Mahindra & Mahindra Limited,7(2),Alok Kumar,15-Jul-2025 20:57,1185290,,0,0,0,0,Equity Shares,1524,546897,Buy,-,https://nsearchives.nseindia.com/corporate/xbrl/IT_1185290_1483706_15072025085745_WEB.xml,Employees/Designated Employees,29413,0,4769587,Equity Shares,30937,0,15-Jul-2025,15-Jul-2025,15-Jul-2025,ESOP,-,NA,-
M&M,Mahindra & Mahindra Limited,7(2),Mahindra & Mahindra Employees' Stock Option Trust,15-Jul-2025 20:57,1185290,,0,0,0,0,Equity Shares,10654,546895,Sell,-,https://nsearchives.nseindia.com/corporate/xbrl/IT_1185290_1483706_15072025085745_WEB.xml,Other,42531238,3.42,53270,Equity Shares,42520584,3.42,15-Jul-2025,15-Jul-2025,15-Jul-2025,ESOP,-,NA,-
M&MFIN,Mahindra & Mahindra Financial Services Limited,7(2),Mahindra & Mahindra Financial Services Limited Employees' Stock Option Trust,15-Jul-2025 18:35,1185288,,0,0,0,0,Equity Shares,5793,546891,Sell,-,https://nsearchives.nseindia.com/corporate/xbrl/IT_1185288_1483504_15072025063542_WEB.xml,Other,637542,0.05,1553393,Equity Shares,631749,0.05,14-Jul-2025,14-Jul-2025,15-Jul-2025,ESOP,-,NA,-
IKS,Inventurus Knowledge Solutions Limited,7(2),Dinesh Rijhwani,15-Jul-2025 18:04,1185286,,0,0,0,0,Equity Shares,6000,546889,Buy,-,https://nsearchives.nseindia.com/corporate/xbrl/IT_1185286_1483434_15072025060417_WEB.xml,-,12000,0.01,1885800,Equity Shares,18000,0.01,14-Jul-2025,14-Jul-2025,14-Jul-2025,ESOP,-,NA,-
IDEAFORGE,Ideaforge Technology Limited,7(2),Amol Suryawanshi,15-Jul-2025 14:56,1185284,,0,0,0,0,Equity Shares,2586,546887,Buy,-,https://nsearchives.nseindia.com/corporate/xbrl/IT_1185284_1482989_15072025025630_WEB.xml,-,12435,0.03,1519986,Equity Shares,15021,0.03,14-Jun-2025,14-Jun-2025,15-Jul-2025,ESOP,-,NA,-
HIGREEN,Hi-Green Carbon Limited,7(2),KRUPA CHETANKUMAR DETHARIYA,15-Jul-2025 13:05,1185282,,0,0,0,0,Equity Shares,4800,546885,Buy,-,https://nsearchives.nseindia.com/corporate/xbrl/IT_1185282_1482878_15072025010524_WEB.xml,Promoters,1100000,4.4,-,Equity Shares,1104800,4.42,10-Jul-2025,10-Jul-2025,12-Jul-2025,Market Purchase,-,NSE,-
NIITMTS,Niit Learning Systems Limited,7(2),Devenderjit Singh Chadha,14-Jul-2025 21:17,1185280,,0,0,0,0,Equity Shares,25000,546881,Buy,-,https://nsearchives.nseindia.com/corporate/xbrl/IT_1185280_1482603_14072025091724_WEB.xml,-,Nil,0,1372250,Equity Shares,25000,0.02,09-Jul-2025,09-Jul-2025,10-Jul-2025,ESOP,-,NA,-
NIITMTS,Niit Learning Systems Limited,7(2),Rajan Venkataraman,14-Jul-2025 21:17,1185280,,0,0,0,0,Equity Shares,105000,546882,Buy,-,https://nsearchives.nseindia.com/corporate/xbrl/IT_1185280_1482603_14072025091724_WEB.xml,-,1,0,5683450,Equity Shares,105001,0.08,09-Jul-2025,09-Jul-2025,10-Jul-2025,ESOP,-,NA,-
NIITMTS,Niit Learning Systems Limited,7(2),Sapnesh Kumar Lalla,14-Jul-2025 21:17,1185280,,0,0,0,0,Equity Shares,57000,546883,Buy,-,https://nsearchives.nseindia.com/corporate/xbrl/IT_1185280_1482603_14072025091724_WEB.xml,Key Managerial Personnel,575052,0.42,3094040,Equity Shares,632052,0.46,09-Jul-2025,09-Jul-2025,10-Jul-2025,ESOP,-,NA,-
AARVEEDEN,Aarvee Denims & Exports Limited,7(2),Bela Shah,14-Jul-2025 17:52,1185278,,0,0,0,0,Equity Shares,1361,546865,Sell,-,https://nsearchives.nseindia.com/corporate/xbrl/IT_1185278_1482355_14072025055209_WEB.xml,Promoters,1361,0.01,34174,Equity Shares,Nil,0,09-Jul-2025,09-Jul-2025,11-Jul-2025,Off Market,-,NA,-
AARVEEDEN,Aarvee Denims & Exports Limited,7(2),Rajesh Arora,14-Jul-2025 17:52,1185278,,0,0,0,0,Equity Shares,360140,546849,Sell,-,https://nsearchives.nseindia.com/corporate/xbrl/IT_1185278_1482355_14072025055209_WEB.xml,Promoter Group,360140,1.54,9043115,Equity Shares,Nil,0,09-Jul-2025,09-Jul-2025,11-Jul-2025,Off Market,-,NA,-
AARVEEDEN,Aarvee Denims & Exports Limited,7(2),Bhansali Tradelink Private Limited,14-Jul-2025 17:52,1185278,,0,0,0,0,Equity Shares,62500,546877,Sell,-,https://nsearchives.nseindia.com/corporate/xbrl/IT_1185278_1482355_14072025055209_WEB.xml,Promoter Group,62500,0.27,1569375,Equity Shares,Nil,0,10-Jul-2025,10-Jul-2025,12-Jul-2025,Off Market,-,NA,-
AARVEEDEN,Aarvee Denims & Exports Limited,7(2),Vee Bee Textiles Private Limited,14-Jul-2025 17:52,1185278,,0,0,0,0,Equity Shares,140000,546876,Sell,-,https://nsearchives.nseindia.com/corporate/xbrl/IT_1185278_1482355_14072025055209_WEB.xml,Promoter Group,140000,0.6,3515400,Equity Shares,Nil,0,09-Jul-2025,09-Jul-2025,11-Jul-2025,Off Market,-,NA,-
AARVEEDEN,Aarvee Denims & Exports Limited,7(2),Rentex Weavers Ltd.,14-Jul-2025 17:52,1185278,,0,0,0,0,Equity Shares,569850,546875,Sell,-,https://nsearchives.nseindia.com/corporate/xbrl/IT_1185278_1482355_14072025055209_WEB.xml,Promoter Group,569850,2.43,14308933,Equity Shares,Nil,0,09-Jul-2025,09-Jul-2025,11-Jul-2025,Off Market,-,NA,-
AARVEEDEN,Aarvee Denims & Exports Limited,7(2),Sushilaben Shah,14-Jul-2025 17:52,1185278,,0,0,0,0,Equity Shares,1086,546851,Sell,-,https://nsearchives.nseindia.com/corporate/xbrl/IT_1185278_1482355_14072025055209_WEB.xml,Promoters,1086,0,27269,Equity Shares,Nil,0,10-Jul-2025,10-Jul-2025,12-Jul-2025,Off Market,-,NA,-
AARVEEDEN,Aarvee Denims & Exports Limited,7(2),Rita Arora,14-Jul-2025 17:52,1185278,,0,0,0,0,Equity Shares,156104,546852,Sell,-,https://nsearchives.nseindia.com/corporate/xbrl/IT_1185278_1482355_14072025055209_WEB.xml,Promoters,156104,0.67,3919771,Equity Shares,Nil,0,09-Jul-2025,09-Jul-2025,11-Jul-2025,Off Market,-,NA,-
AARVEEDEN,Aarvee Denims & Exports Limited,7(2),Rajesh Arora,14-Jul-2025 17:52,1185278,,0,0,0,0,Equity Shares,248816,546853,Sell,-,https://nsearchives.nseindia.com/corporate/xbrl/IT_1185278_1482355_14072025055209_WEB.xml,Promoters,248816,1.06,6247770,Equity Shares,Nil,0,09-Jul-2025,09-Jul-2025,11-Jul-2025,Off Market,-,NA,-
AARVEEDEN,Aarvee Denims & Exports Limited,7(2),Renu V. Arora,14-Jul-2025 17:52,1185278,,0,0,0,0,Equity Shares,4419,546854,Sell,-,https://nsearchives.nseindia.com/corporate/xbrl/IT_1185278_1482355_14072025055209_WEB.xml,Promoters,4419,0.02,110961,Equity Shares,Nil,0,09-Jul-2025,09-Jul-2025,11-Jul-2025,Off Market,-,NA,-
AARVEEDEN,Aarvee Denims & Exports Limited,7(2),T.P. Vinodkumar,14-Jul-2025 17:52,1185278,,0,0,0,0,Equity Shares,6636,546855,Sell,-,https://nsearchives.nseindia.com/corporate/xbrl/IT_1185278_1482355_14072025055209_WEB.xml,Promoters,6636,0.03,166629,Equity Shares,Nil,0,09-Jul-2025,09-Jul-2025,11-Jul-2025,Off Market,-,NA,-
AARVEEDEN,Aarvee Denims & Exports Limited,7(2),Preeti N. Arora,14-Jul-2025 17:52,1185278,,0,0,0,0,Equity Shares,1896,546856,Sell,-,https://nsearchives.nseindia.com/corporate/xbrl/IT_1185278_1482355_14072025055209_WEB.xml,Promoters,1896,0.01,47608,Equity Shares,Nil,0,09-Jul-2025,09-Jul-2025,11-Jul-2025,Off Market,-,NA,-
AARVEEDEN,Aarvee Denims & Exports Limited,7(2),Shikha P. Arora,14-Jul-2025 17:52,1185278,,0,0,0,0,Equity Shares,1896,546857,Sell,-,https://nsearchives.nseindia.com/corporate/xbrl/IT_1185278_1482355_14072025055209_WEB.xml,Promoters,1896,0.01,47608,Equity Shares,Nil,0,09-Jul-2025,09-Jul-2025,11-Jul-2025,Off Market,-,NA,-
AARVEEDEN,Aarvee Denims & Exports Limited,7(2),Nipun Arora,14-Jul-2025 17:52,1185278,,0,0,0,0,Equity Shares,54975,546858,Sell,-,https://nsearchives.nseindia.com/corporate/xbrl/IT_1185278_1482355_14072025055209_WEB.xml,Promoters,54975,0.23,1380422,Equity Shares,Nil,0,10-Jul-2025,10-Jul-2025,12-Jul-2025,Off Market,-,NA,-
AARVEEDEN,Aarvee Denims & Exports Limited,7(2),Pankaj Arora,14-Jul-2025 17:52,1185278,,0,0,0,0,Equity Shares,44925,546859,Sell,-,https://nsearchives.nseindia.com/corporate/xbrl/IT_1185278_1482355_14072025055209_WEB.xml,Promoters,44925,0.19,1128066,Equity Shares,Nil,0,10-Jul-2025,10-Jul-2025,12-Jul-2025,Off Market,-,NA,-
AARVEEDEN,Aarvee Denims & Exports Limited,7(2),Vinod P. Arora,14-Jul-2025 17:52,1185278,,0,0,0,0,Equity Shares,24861,546860,Sell,-,https://nsearchives.nseindia.com/corporate/xbrl/IT_1185278_1482355_14072025055209_WEB.xml,Promoters,24861,0.11,624259,Equity Shares,Nil,0,09-Jul-2025,09-Jul-2025,11-Jul-2025,Off Market,-,NA,-
AARVEEDEN,Aarvee Denims & Exports Limited,7(2),Pari Bhogilal Laxmichand,14-Jul-2025 17:52,1185278,,0,0,0,0,Equity Shares,2687,546861,Sell,-,https://nsearchives.nseindia.com/corporate/xbrl/IT_1185278_1482355_14072025055209_WEB.xml,Promoters,2687,0.01,67471,Equity Shares,Nil,0,09-Jul-2025,09-Jul-2025,11-Jul-2025,Off Market,-,NA,-
AARVEEDEN,Aarvee Denims & Exports Limited,7(2),Ashish Virendrabhai Shah,14-Jul-2025 17:52,1185278,,0,0,0,0,Equity Shares,1944,546862,Sell,-,https://nsearchives.nseindia.com/corporate/xbrl/IT_1185278_1482355_14072025055209_WEB.xml,Promoters,1944,0.01,48813,Equity Shares,Nil,0,09-Jul-2025,09-Jul-2025,11-Jul-2025,Off Market,-,NA,-
AARVEEDEN,Aarvee Denims & Exports Limited,7(2),Kalpesh Shah,14-Jul-2025 17:52,1185278,,0,0,0,0,Equity Shares,1739,546863,Sell,-,https://nsearchives.nseindia.com/corporate/xbrl/IT_1185278_1482355_14072025055209_WEB.xml,Promoters,1739,0.01,43666,Equity Shares,Nil,0,09-Jul-2025,09-Jul-2025,11-Jul-2025,Off Market,-,NA,-
AARVEEDEN,Aarvee Denims & Exports Limited,7(2),Parul Shah,14-Jul-2025 17:52,1185278,,0,0,0,0,Equity Shares,1591,546864,Sell,-,https://nsearchives.nseindia.com/corporate/xbrl/IT_1185278_1482355_14072025055209_WEB.xml,Promoters,1591,0.01,39950,Equity Shares,Nil,0,09-Jul-2025,09-Jul-2025,11-Jul-2025,Off Market,-,NA,-
AARVEEDEN,Aarvee Denims & Exports Limited,7(2),Shah Kalpesh Virendrabhai Huf,14-Jul-2025 17:52,1185278,,0,0,0,0,Equity Shares,1204,546850,Sell,-,https://nsearchives.nseindia.com/corporate/xbrl/IT_1185278_1482355_14072025055209_WEB.xml,Promoters,1204,0.01,30232,Equity Shares,Nil,0,10-Jul-2025,10-Jul-2025,12-Jul-2025,Off Market,-,NA,-
AARVEEDEN,Aarvee Denims & Exports Limited,7(2),Pankil Kalpeshbhai Shah Huf,14-Jul-2025 17:52,1185278,,0,0,0,0,Equity Shares,838,546866,Sell,-,https://nsearchives.nseindia.com/corporate/xbrl/IT_1185278_1482355_14072025055209_WEB.xml,Promoters,838,0,21042,Equity Shares,Nil,0,09-Jul-2025,09-Jul-2025,11-Jul-2025,Off Market,-,NA,-
AARVEEDEN,Aarvee Denims & Exports Limited,7(2),Karishma Pankilbhai Shah,14-Jul-2025 17:52,1185278,,0,0,0,0,Equity Shares,411,546867,Sell,-,https://nsearchives.nseindia.com/corporate/xbrl/IT_1185278_1482355_14072025055209_WEB.xml,Promoters,411,0,10320,Equity Shares,Nil,0,09-Jul-2025,09-Jul-2025,11-Jul-2025,Off Market,-,NA,-
AARVEEDEN,Aarvee Denims & Exports Limited,7(2),Pankil K. Shah,14-Jul-2025 17:52,1185278,,0,0,0,0,Equity Shares,1008,546868,Sell,-,https://nsearchives.nseindia.com/corporate/xbrl/IT_1185278_1482355_14072025055209_WEB.xml,Promoters,1008,0,25311,Equity Shares,Nil,0,09-Jul-2025,09-Jul-2025,11-Jul-2025,Off Market,-,NA,-
AARVEEDEN,Aarvee Denims & Exports Limited,7(2),Pee Vee Synthetics Pvt. Ltd.,14-Jul-2025 17:52,1185278,,0,0,0,0,Equity Shares,52778,546869,Sell,-,https://nsearchives.nseindia.com/corporate/xbrl/IT_1185278_1482355_14072025055209_WEB.xml,Promoter Group,52778,0.23,1325255,Equity Shares,Nil,0,09-Jul-2025,09-Jul-2025,11-Jul-2025,Off Market,-,NA,-
AARVEEDEN,Aarvee Denims & Exports Limited,7(2),V. B. Investment Pvt. Ltd.,14-Jul-2025 17:52,1185278,,0,0,0,0,Equity Shares,2320900,546870,Sell,-,https://nsearchives.nseindia.com/corporate/xbrl/IT_1185278_1482355_14072025055209_WEB.xml,Promoter Group,2320900,9.89,58277799,Equity Shares,Nil,0,10-Jul-2025,10-Jul-2025,12-Jul-2025,Off Market,-,NA,-
AARVEEDEN,Aarvee Denims & Exports Limited,7(2),Kashvi Investments Pvt.Ltd.,14-Jul-2025 17:52,1185278,,0,0,0,0,Equity Shares,1388200,546871,Sell,-,https://nsearchives.nseindia.com/corporate/xbrl/IT_1185278_1482355_14072025055209_WEB.xml,Promoter Group,1388200,5.92,34857702,Equity Shares,Nil,0,10-Jul-2025,10-Jul-2025,12-Jul-2025,Off Market,-,NA,-
AARVEEDEN,Aarvee Denims & Exports Limited,7(2),Twenty First Century Marketing Ltd.,14-Jul-2025 17:52,1185278,,0,0,0,0,Equity Shares,1154250,546872,Sell,-,https://nsearchives.nseindia.com/corporate/xbrl/IT_1185278_1482355_14072025055209_WEB.xml,Promoter Group,1154250,4.92,28983217,Equity Shares,Nil,0,10-Jul-2025,10-Jul-2025,12-Jul-2025,Off Market,-,NA,-
AARVEEDEN,Aarvee Denims & Exports Limited,7(2),Shipa Fabrics Pvt. Ltd.,14-Jul-2025 17:52,1185278,,0,0,0,0,Equity Shares,685900,546873,Sell,-,https://nsearchives.nseindia.com/corporate/xbrl/IT_1185278_1482355_14072025055209_WEB.xml,Promoter Group,685900,2.92,17222949,Equity Shares,Nil,0,09-Jul-2025,09-Jul-2025,11-Jul-2025,Off Market,-,NA,-
AARVEEDEN,Aarvee Denims & Exports Limited,7(2),Ennbee Textiles Pvt. Ltd.,14-Jul-2025 17:52,1185278,,0,0,0,0,Equity Shares,579600,546874,Sell,-,https://nsearchives.nseindia.com/corporate/xbrl/IT_1185278_1482355_14072025055209_WEB.xml,Promoter Group,579600,2.47,14553756,Equity Shares,Nil,0,09-Jul-2025,09-Jul-2025,11-Jul-2025,Off Market,-,NA,-
IKS,Inventurus Knowledge Solutions Limited,7(2),ELISE MARIE MENKE,14-Jul-2025 16:10,1185276,,0,0,0,0,Equity Shares,4650,546819,Buy,-,https://nsearchives.nseindia.com/corporate/xbrl/IT_1185276_1482122_14072025041007_WEB.xml,-,Nil,0,3832623,Equity Shares,4650,0,11-Jul-2025,11-Jul-2025,11-Jul-2025,ESOP,-,NA,-
IKS,Inventurus Knowledge Solutions Limited,7(2),DEVAL PRAKASH MAJMUDAR,14-Jul-2025 16:10,1185276,,0,0,0,0,Equity Shares,15000,546818,Buy,-,https://nsearchives.nseindia.com/corporate/xbrl/IT_1185276_1482122_14072025041007_WEB.xml,-,316286,0.18,1125000,Equity Shares,331286,0.19,11-Jul-2025,11-Jul-2025,11-Jul-2025,ESOP,-,NA,-
IKS,Inventurus Knowledge Solutions Limited,7(2),CHAITANYA KULKARNI,14-Jul-2025 16:10,1185276,,0,0,0,0,Equity Shares,2400,546817,Buy,-,https://nsearchives.nseindia.com/corporate/xbrl/IT_1185276_1482122_14072025041007_WEB.xml,-,Nil,0,1978128,Equity Shares,2400,0,11-Jul-2025,11-Jul-2025,11-Jul-2025,ESOP,-,NA,-
LLOYDS,Lloyds Luxuries Limited,7(2),Sushant J Mishra,14-Jul-2025 12:23,1185273,,0,0,0,0,Equity Shares,10000,546812,Sell,-,https://nsearchives.nseindia.com/corporate/xbrl/IT_1185273_1481858_14072025122341_WEB.xml,Employees/Designated Employees,10360,0.04,988000,Equity Shares,360,0,28-May-2025,08-Jul-2025,10-Jul-2025,Market Sale,-,-,-
NEWJAISA,Newjaisa Technologies Limited,7(2),Mukunda Raghavendra,14-Jul-2025 10:56,1185270,,0,0,0,0,Equity Shares,31500,546810,Sell,-,https://nsearchives.nseindia.com/corporate/xbrl/IT_1185270_1481777_14072025105625_WEB.xml,Promoters,1003562,2.84,1046092,Equity Shares,972062,2.74,09-Jul-2025,09-Jul-2025,10-Jul-2025,Market Sale,-,NSE,-
M&M,Mahindra & Mahindra Limited,7(2),Ami Goda,12-Jul-2025 19:34,1185268,,0,0,0,0,Equity Shares,200,546808,Sell,-,https://nsearchives.nseindia.com/corporate/xbrl/IT_1185268_1481696_12072025073425_WEB.xml,Employees/Designated Employees,1418,0,619597,Equity Shares,1218,0,13-May-2025,13-May-2025,11-Jul-2025,Market Sale,-,BSE,-
PIGL,Power & Instrumentation (Gujarat) Limited,7(2),POWER INFRA CONS PRIVATE LIMITED,12-Jul-2025 16:38,1185265,,0,0,0,0,Warrants,200000,546803,Sell,-,https://nsearchives.nseindia.com/corporate/xbrl/IT_1185265_1481619_12072025043839_WEB.xml,Promoter Group,490000,2.31,12562500,Warrants,290000,1.37,10-Jul-2025,10-Jul-2025,12-Jul-2025,Conversion of security,-,NA,-
PIGL,Power & Instrumentation (Gujarat) Limited,7(2),POWER INFRA CONS PRIVATE LIMITED,12-Jul-2025 16:38,1185265,,0,0,0,0,Equity Shares,200000,546804,Buy,-,https://nsearchives.nseindia.com/corporate/xbrl/IT_1185265_1481619_12072025043839_WEB.xml,Promoter Group,1160000,5.48,15750000,Equity Shares,1360000,6.42,10-Jul-2025,10-Jul-2025,12-Jul-2025,Conversion of security,-,NA,-
PIGL,Power & Instrumentation (Gujarat) Limited,7(2),POWER INFRA CONS PRIVATE LIMITED,12-Jul-2025 16:38,1185265,,0,0,0,0,Warrants,200000,546805,Sell,-,https://nsearchives.nseindia.com/corporate/xbrl/IT_1185265_1481619_12072025043839_WEB.xml,Promoter Group,490000,2.31,12562500,Warrants,290000,1.37,10-Jul-2025,10-Jul-2025,12-Jul-2025,Conversion of security,-,NA,-
PIGL,Power & Instrumentation (Gujarat) Limited,7(2),POWER INFRA CONS PRIVATE LIMITED,12-Jul-2025 16:38,1185265,,0,0,0,0,Equity Shares,200000,546806,Buy,-,https://nsearchives.nseindia.com/corporate/xbrl/IT_1185265_1481619_12072025043839_WEB.xml,Promoter Group,1160000,5.48,15750000,Equity Shares,1360000,6.42,10-Jul-2025,10-Jul-2025,12-Jul-2025,Conversion of security,-,NA,-
RILINFRA,Rachana Infrastructure Limited,7(2),GIRISHKUMAR OCHCHHAVLAL RAVAL,12-Jul-2025 15:58,1185263,,0,0,0,0,Equity Shares,2700,546798,Buy,-,https://nsearchives.nseindia.com/corporate/xbrl/IT_1185263_1481573_12072025035821_WEB.xml,Promoters,5901881,31.72,109242,Equity Shares,5904581,31.74,11-Jul-2025,11-Jul-2025,12-Jul-2025,Market Purchase,-,NSE,-
M&M,Mahindra & Mahindra Limited,7(2),Ashish Sophat,11-Jul-2025 23:49,1185261,,0,0,0,0,Equity Shares,300,546796,Sell,-,https://nsearchives.nseindia.com/corporate/xbrl/IT_1185261_1481408_11072025114931_WEB.xml,Employees/Designated Employees,3202,0,907863,Equity Shares,2902,0,09-May-2025,09-May-2025,11-Jul-2025,Market Sale,-,NSE,-
MASTEK,Mastek Limited,7(2),Raman Sapra,11-Jul-2025 19:39,1185259,,0,0,0,0,Equity Shares,2652,546793,Buy,-,https://nsearchives.nseindia.com/corporate/xbrl/IT_1185259_1481300_11072025073912_WEB.xml,Employees/Designated Employees,30498,0.1,13260,Equity Shares,33150,0.11,11-Jul-2025,11-Jul-2025,11-Jul-2025,ESOP,-,NA,-
MASTEK,Mastek Limited,7(2),Priyanka Agarwal,11-Jul-2025 19:39,1185259,,0,0,0,0,Equity Shares,10,546794,Buy,-,https://nsearchives.nseindia.com/corporate/xbrl/IT_1185259_1481300_11072025073912_WEB.xml,Employees/Designated Employees,Nil,0,50,Equity Shares,10,0,11-Jul-2025,11-Jul-2025,11-Jul-2025,ESOP,-,NA,-
VINCOFE,Vintage Coffee And Beverages Limited,7(2),Balakrishna Tati,11-Jul-2025 18:21,1185257,,0,0,0,0,Equity Shares,5000000,546790,Pledge,-,https://nsearchives.nseindia.com/corporate/xbrl/IT_1185257_1481189_11072025062107_WEB.xml,Promoters,19769586,15.2,672500000,Equity Shares,19769586,15.2,09-Jul-2025,11-Jul-2025,11-Jul-2025,Pledge Creation,-,NA,-
HOMESFY,Homesfy Realty Limited,7(2),Ashish Kukreja,11-Jul-2025 17:13,1185255,,0,0,0,0,Equity Shares,300,546788,Buy,-,https://nsearchives.nseindia.com/corporate/xbrl/IT_1185255_1481051_11072025051343_WEB.xml,Promoters,1514412,46.94,87000,Equity Shares,1514712,46.95,10-Jul-2025,11-Jul-2025,11-Jul-2025,Market Purchase,-,NSE,-
SHRENIK,Shrenik Limited,7(2),Shrenik Sudhir Vimawala,11-Jul-2025 16:28,1185253,,0,0,0,0,Equity Shares,2510320,546786,Pledge Invoke,-,https://nsearchives.nseindia.com/corporate/xbrl/IT_1185253_1480952_11072025042802_WEB.xml,Director,156666159,25.6,1520742,Equity Shares,154155839,25.18,22-Mar-2025,26-Jun-2025,11-Jul-2025,Invocation of pledge,-,NSE,-
COOLCAPS,Cool Caps Industries Limited,7(2),Bishal Sarawogi,11-Jul-2025 15:53,1185251,,0,0,0,0,Equity Shares,500000,546784,Buy,-,https://nsearchives.nseindia.com/corporate/xbrl/IT_1185251_1480891_11072025035327_WEB.xml,Promoter Group,Nil,0,1000000,Equity Shares,500000,0.43,10-Jul-2025,10-Jul-2025,10-Jul-2025,Gift,-,NA,-
COOLCAPS,Cool Caps Industries Limited,7(2),Vanshay Goenka,11-Jul-2025 15:53,1185251,,0,0,0,0,Equity Shares,500000,546783,Sell,-,https://nsearchives.nseindia.com/corporate/xbrl/IT_1185251_1480891_11072025035327_WEB.xml,Promoters,2727800,2.35,1000000,Equity Shares,2227800,1.92,10-Jul-2025,10-Jul-2025,10-Jul-2025,Gift,-,NA,-
RILINFRA,Rachana Infrastructure Limited,7(2),GIRISHKUMAR OCHCHHAVLAL RAVAL,11-Jul-2025 12:55,1185248,,0,0,0,0,Equity Shares,2400,546780,Buy,-,https://nsearchives.nseindia.com/corporate/xbrl/IT_1185248_1480693_11072025125511_WEB.xml,Promoters,5899481,31.71,98328,Equity Shares,5901881,31.72,10-Jul-2025,10-Jul-2025,11-Jul-2025,Market Purchase,-,NSE,-
SHAH,Shah Metacorp Limited,7(2),Mona Viral Shah,11-Jul-2025 00:08,1185245,,0,0,0,0,Equity Shares,2913764,546777,Buy,-,https://nsearchives.nseindia.com/corporate/xbrl/IT_1185245_1480531_11072025120847_WEB.xml,Promoters,103706084,15.27,13723828,Equity Shares,106619848,0.12,04-Jul-2025,04-Jul-2025,08-Jul-2025,-,-,NA,-
SHAH,Shah Metacorp Limited,7(2),Viral Mukund Shah,11-Jul-2025 00:08,1185245,,0,0,0,0,Equity Shares,36264586,546778,Buy,-,https://nsearchives.nseindia.com/corporate/xbrl/IT_1185245_1480531_11072025120847_WEB.xml,Promoters,32140651,4,170806200,Equity Shares,68405237,7.78,04-Jul-2025,04-Jul-2025,08-Jul-2025,-,-,NA,-
YASHOPTICS,Yash Optics & Lens Limited,7(2),DHARMENDRA MANHARLAL DOSHI,10-Jul-2025 19:18,1185243,,0,0,0,0,Equity Shares,3200,546774,Buy,-,https://nsearchives.nseindia.com/corporate/xbrl/IT_1185243_1480437_10072025071818_WEB.xml,Promoters,5383400,21.75,258400,Equity Shares,5386600,21.76,10-Jul-2025,10-Jul-2025,10-Jul-2025,Market Purchase,-,NSE,-
YASHOPTICS,Yash Optics & Lens Limited,7(2),TARUN MANHARLAL DOSHI,10-Jul-2025 19:18,1185243,,0,0,0,0,Equity Shares,3200,546773,Buy,-,https://nsearchives.nseindia.com/corporate/xbrl/IT_1185243_1480437_10072025071818_WEB.xml,Promoters,5476371,22.11,262400,Equity Shares,5479571,22.13,09-Jul-2025,09-Jul-2025,09-Jul-2025,Market Purchase,-,NSE,-
RILINFRA,Rachana Infrastructure Limited,7(2),GIRISHKUMAR OCHCHHAVLAL RAVAL,10-Jul-2025 18:18,1185241,,0,0,0,0,Equity Shares,500,546770,Buy,-,https://nsearchives.nseindia.com/corporate/xbrl/IT_1185241_1480355_10072025061849_WEB.xml,Promoters,5898981,31.71,20480,Equity Shares,5899481,31.71,09-Jul-2025,09-Jul-2025,10-Jul-2025,Market Purchase,-,NSE,-
HOMESFY,Homesfy Realty Limited,7(2),Ashish Kukreja,10-Jul-2025 17:56,1185239,,0,0,0,0,Equity Shares,300,546768,Buy,-,https://nsearchives.nseindia.com/corporate/xbrl/IT_1185239_1480309_10072025055657_WEB.xml,Promoters,1514112,46.93,87000,Equity Shares,1514412,46.94,09-Jul-2025,10-Jul-2025,10-Jul-2025,Market Purchase,-,NSE,-
TEJASCARGO,Tejas Cargo India Limited,7(2),Chander Bindel,10-Jul-2025 17:21,1185237,,0,0,0,0,Equity Shares,3200,546766,Buy,-,https://nsearchives.nseindia.com/corporate/xbrl/IT_1185237_1480232_10072025052106_WEB.xml,Promoters,8830534,36.96,680086,Equity Shares,8833734,36.97,08-Jul-2025,08-Jul-2025,10-Jul-2025,Market Purchase,-,NSE,-
TEJASCARGO,Tejas Cargo India Limited,7(2),Chander Bindel,10-Jul-2025 17:20,1185236,,0,0,0,0,Equity Shares,3200,546765,Buy,-,https://nsearchives.nseindia.com/corporate/xbrl/IT_1185236_1480229_10072025052026_WEB.xml,Promoters,8830534,36.96,680086,Equity Shares,8833734,36.97,08-Jul-2025,08-Jul-2025,10-Jul-2025,Market Purchase,-,NSE,-
GRCL,Gayatri Rubbers And Chemicals Limited,7(2),SHILP CHOTAI,10-Jul-2025 16:34,1185233,,0,0,0,0,Equity Shares,3000,546763,Buy,-,https://nsearchives.nseindia.com/corporate/xbrl/IT_1185233_1480152_10072025043445_WEB.xml,Promoters,1013500,17.66,1118280,Equity Shares,1016500,17.72,10-Jul-2025,10-Jul-2025,10-Jul-2025,Market Purchase,-,NSE,-
TEJASCARGO,Tejas Cargo India Limited,7(2),Manish Bindal,10-Jul-2025 16:20,1185231,,0,0,0,0,Equity Shares,3200,546761,Buy,-,https://nsearchives.nseindia.com/corporate/xbrl/IT_1185231_1480120_10072025042025_WEB.xml,Promoters,8863406,37.1,706438,Equity Shares,8866606,37.11,08-Jul-2025,08-Jul-2025,09-Jul-2025,Market Purchase,-,NSE,-
ETHOSLTD,Ethos Limited,7(2),NARENDRA KUMAR S MOHATTA,09-Jul-2025 18:32,1185226,,0,0,0,0,Equity Shares,1850,546754,Buy,-,https://nsearchives.nseindia.com/corporate/xbrl/IT_1185226_1479622_09072025063210_WEB.xml,Promoter Group,19779,0.08,3330000,Equity Shares,21629,0.08,07-Jul-2025,07-Jul-2025,08-Jul-2025,Others,-,NA,-
ETHOSLTD,Ethos Limited,7(2),SABOO VENTURES LLP,09-Jul-2025 18:32,1185226,,0,0,0,0,Equity Shares,3953,546753,Buy,-,https://nsearchives.nseindia.com/corporate/xbrl/IT_1185226_1479622_09072025063210_WEB.xml,Promoter Group,36166,0.15,7115400,Equity Shares,40119,0.15,07-Jul-2025,07-Jul-2025,08-Jul-2025,Others,-,NA,-
ETHOSLTD,Ethos Limited,7(2),JAI VARDHAN SABOO,09-Jul-2025 18:32,1185226,,0,0,0,0,Equity Shares,5293,546752,Buy,-,https://nsearchives.nseindia.com/corporate/xbrl/IT_1185226_1479622_09072025063210_WEB.xml,Promoter Group,48422,0.2,9527400,Equity Shares,53715,0.2,07-Jul-2025,07-Jul-2025,08-Jul-2025,Others,-,NA,-
ETHOSLTD,Ethos Limited,7(2),MAHEN DISTRIBUTION LIMITED,09-Jul-2025 18:32,1185226,,0,0,0,0,Equity Shares,1130199,546751,Buy,-,https://nsearchives.nseindia.com/corporate/xbrl/IT_1185226_1479622_09072025063210_WEB.xml,Promoters,754640,3.08,2034358200,Equity Shares,1884839,7.04,07-Jul-2025,07-Jul-2025,08-Jul-2025,Others,-,NA,-
ETHOSLTD,Ethos Limited,7(2),KDDL LIMITED,09-Jul-2025 18:32,1185226,,0,0,0,0,Equity Shares,11058,546750,Buy,-,https://nsearchives.nseindia.com/corporate/xbrl/IT_1185226_1479622_09072025063210_WEB.xml,Promoters,11513877,47.03,19904400,Equity Shares,11524935,43.07,07-Jul-2025,07-Jul-2025,08-Jul-2025,Others,-,NA,-
ETHOSLTD,Ethos Limited,7(2),JUHI CHATURVEDI,09-Jul-2025 18:32,1185226,,0,0,0,0,Equity Shares,728,546757,Buy,-,https://nsearchives.nseindia.com/corporate/xbrl/IT_1185226_1479622_09072025063210_WEB.xml,Employees/Designated Employees,6663,0.03,1310400,Equity Shares,7391,0.03,07-Jul-2025,07-Jul-2025,08-Jul-2025,Others,-,NA,-
ETHOSLTD,Ethos Limited,7(2),ANIL KHANNA,09-Jul-2025 18:32,1185226,,0,0,0,0,Equity Shares,481,546756,Buy,-,https://nsearchives.nseindia.com/corporate/xbrl/IT_1185226_1479622_09072025063210_WEB.xml,Director,4400,0.02,865800,Equity Shares,4881,0.02,07-Jul-2025,07-Jul-2025,08-Jul-2025,Others,-,NA,-
ETHOSLTD,Ethos Limited,7(2),VBL INNOVATIONS PRIVATE LIMITED,09-Jul-2025 18:32,1185226,,0,0,0,0,Equity Shares,558,546755,Buy,-,https://nsearchives.nseindia.com/corporate/xbrl/IT_1185226_1479622_09072025063210_WEB.xml,Promoter Group,6000,0.02,1004400,Equity Shares,6558,0.02,07-Jul-2025,07-Jul-2025,08-Jul-2025,Others,-,NA,-
ACCENTMIC,Accent Microcell Limited,7(2),SHAILESHBHAI ARJANBHAI PATEL,09-Jul-2025 17:31,1185222,,0,0,0,0,Equity Shares,23380,546725,Buy,-,https://nsearchives.nseindia.com/corporate/xbrl/IT_1185222_1479500_09072025053158_WEB.xml,Promoter Group,157000,0.75,3156300,Equity Shares,180380,0.75,02-Jul-2025,02-Jul-2025,09-Jul-2025,Public Right,-,NSE,-
ACCENTMIC,Accent Microcell Limited,7(2),VINODBHAI MANIBHAI PATEL,09-Jul-2025 17:31,1185222,,0,0,0,0,Equity Shares,480620,546724,Buy,-,https://nsearchives.nseindia.com/corporate/xbrl/IT_1185222_1479500_09072025053158_WEB.xml,Promoters,3228000,15.34,64883700,Equity Shares,3708620,15.46,02-Jul-2025,02-Jul-2025,09-Jul-2025,Public Right,-,NSE,-
ACCENTMIC,Accent Microcell Limited,7(2),NITIN JASVANTBHAI PATEL,09-Jul-2025 17:31,1185222,,0,0,0,0,Equity Shares,488600,546723,Buy,-,https://nsearchives.nseindia.com/corporate/xbrl/IT_1185222_1479500_09072025053158_WEB.xml,Promoters,3281000,15.59,65961000,Equity Shares,3769600,15.71,02-Jul-2025,02-Jul-2025,09-Jul-2025,Public Right,-,NSE,-
ACCENTMIC,Accent Microcell Limited,7(2),GHANSHYAM ARJANBHAI PATEL,09-Jul-2025 17:31,1185222,,0,0,0,0,Equity Shares,391580,546722,Buy,-,https://nsearchives.nseindia.com/corporate/xbrl/IT_1185222_1479500_09072025053158_WEB.xml,Promoters,2630400,12.5,52863300,Equity Shares,3021980,12.6,02-Jul-2025,02-Jul-2025,09-Jul-2025,Public Right,-,NSE,-
ACCENTMIC,Accent Microcell Limited,7(2),VASANT VADILAL PATEL,09-Jul-2025 17:31,1185222,,0,0,0,0,Equity Shares,287980,546720,Buy,-,https://nsearchives.nseindia.com/corporate/xbrl/IT_1185222_1479500_09072025053158_WEB.xml,Promoters,1934100,9.19,38877300,Equity Shares,2222080,9.26,02-Jul-2025,02-Jul-2025,09-Jul-2025,Public Right,-,NSE,-
ACCENTMIC,Accent Microcell Limited,7(2),JITENDRA VADILAL PATEL,09-Jul-2025 17:31,1185222,,0,0,0,0,Equity Shares,11340,546721,Buy,-,https://nsearchives.nseindia.com/corporate/xbrl/IT_1185222_1479500_09072025053158_WEB.xml,Promoter Group,81000,0.38,1530900,Equity Shares,92340,0.38,02-Jul-2025,02-Jul-2025,09-Jul-2025,Public Right,-,NSE,-
ACCENTMIC,Accent Microcell Limited,7(2),ARVINDBHAI MANIBHAI PATE,09-Jul-2025 17:26,1185220,,0,0,0,0,Equity Shares,18900,546713,Buy,-,https://nsearchives.nseindia.com/corporate/xbrl/IT_1185220_1479487_09072025052605_WEB.xml,Promoter Group,135000,0.64,2551500,Equity Shares,153900,0.64,02-Jul-2025,02-Jul-2025,09-Jul-2025,Public Right,-,NSE,-
HOMESFY,Homesfy Realty Limited,7(2),Ashish Kukreja,09-Jul-2025 17:17,1185219,,0,0,0,0,Equity Shares,300,546712,Buy,-,https://nsearchives.nseindia.com/corporate/xbrl/IT_1185219_1479468_09072025051701_WEB.xml,Promoters,1513812,46.92,87600,Equity Shares,1514112,46.93,08-Jul-2025,09-Jul-2025,09-Jul-2025,Market Purchase,-,NSE,-
ACCENTMIC,Accent Microcell Limited,7(2),ARVINDBHAI MANIBHAI PATE,09-Jul-2025 17:10,1185217,,0,0,0,0,Equity Shares,18900,546710,Buy,-,https://nsearchives.nseindia.com/corporate/xbrl/IT_1185217_1479455_09072025051016_WEB.xml,Promoter Group,135000,0.64,2551500,Equity Shares,153900,0.64,02-Jul-2025,02-Jul-2025,09-Jul-2025,Public Right,-,NSE,-
ABSMARINE,ABS Marine Services Limited,7(2),Oceandeep Energies Private Limited,09-Jul-2025 15:44,1185214,,0,0,0,0,Equity Shares,500,546708,Buy,-,https://nsearchives.nseindia.com/corporate/xbrl/IT_1185214_1479310_09072025034456_WEB.xml,Promoter Group,36500,0.14,102425,Equity Shares,37000,0.15,04-Jul-2025,04-Jul-2025,08-Jul-2025,Market Purchase,-,NSE,-
TEJASCARGO,Tejas Cargo India Limited,7(2),Manish Bindal,09-Jul-2025 12:49,1185211,,0,0,0,0,Equity Shares,800,546706,Buy,-,https://nsearchives.nseindia.com/corporate/xbrl/IT_1185211_1479155_09072025124904_WEB.xml,Promoters,8862606,37.09,168199,Equity Shares,8863406,37.1,07-Jul-2025,07-Jul-2025,08-Jul-2025,Market Purchase,-,NSE,-
ADSL,Allied Digital Services Limited,7(2),Dayanidhi Padhy,08-Jul-2025 20:00,1185208,,0,0,0,0,Equity Shares,1000,546703,Buy,-,https://nsearchives.nseindia.com/corporate/xbrl/IT_1185208_1478997_08072025080018_WEB.xml,-,15,0,20000,Equity Shares,1015,0,08-Jul-2025,08-Jul-2025,08-Jul-2025,ESOP,-,NA,-
ADSL,Allied Digital Services Limited,7(2),Ravindra Deshpande,08-Jul-2025 20:00,1185208,,0,0,0,0,Equity Shares,1250,546694,Buy,-,https://nsearchives.nseindia.com/corporate/xbrl/IT_1185208_1478997_08072025080018_WEB.xml,-,1207,0,25000,Equity Shares,2457,0,08-Jul-2025,08-Jul-2025,08-Jul-2025,ESOP,-,NA,-
ADSL,Allied Digital Services Limited,7(2),Deepak Shetty,08-Jul-2025 20:00,1185208,,0,0,0,0,Equity Shares,5000,546701,Buy,-,https://nsearchives.nseindia.com/corporate/xbrl/IT_1185208_1478997_08072025080018_WEB.xml,-,Nil,0,100000,Equity Shares,5000,0,08-Jul-2025,08-Jul-2025,08-Jul-2025,ESOP,-,NA,-
ADSL,Allied Digital Services Limited,7(2),Nadim Budye,08-Jul-2025 20:00,1185208,,0,0,0,0,Equity Shares,8000,546700,Buy,-,https://nsearchives.nseindia.com/corporate/xbrl/IT_1185208_1478997_08072025080018_WEB.xml,-,Nil,0,160000,Equity Shares,8000,0.01,08-Jul-2025,08-Jul-2025,08-Jul-2025,ESOP,-,NA,-
ADSL,Allied Digital Services Limited,7(2),Donald R Grimes,08-Jul-2025 20:00,1185208,,0,0,0,0,Equity Shares,3750,546692,Buy,-,https://nsearchives.nseindia.com/corporate/xbrl/IT_1185208_1478997_08072025080018_WEB.xml,-,Nil,0,75000,Equity Shares,3750,0,08-Jul-2025,08-Jul-2025,08-Jul-2025,ESOP,-,NA,-
ADSL,Allied Digital Services Limited,7(2),Deepak Shukla,08-Jul-2025 20:00,1185208,,0,0,0,0,Equity Shares,300,546693,Buy,-,https://nsearchives.nseindia.com/corporate/xbrl/IT_1185208_1478997_08072025080018_WEB.xml,-,Nil,0,6000,Equity Shares,300,0,08-Jul-2025,08-Jul-2025,08-Jul-2025,ESOP,-,NA,-
ADSL,Allied Digital Services Limited,7(2),Fredrick David  Parlato,08-Jul-2025 20:00,1185208,,0,0,0,0,Equity Shares,3750,546691,Buy,-,https://nsearchives.nseindia.com/corporate/xbrl/IT_1185208_1478997_08072025080018_WEB.xml,-,Nil,0,75000,Equity Shares,3750,0,08-Jul-2025,08-Jul-2025,08-Jul-2025,ESOP,-,NA,-
ADSL,Allied Digital Services Limited,7(2),Yogesh Gaikwad,08-Jul-2025 20:00,1185208,,0,0,0,0,Equity Shares,8000,546702,Buy,-,https://nsearchives.nseindia.com/corporate/xbrl/IT_1185208_1478997_08072025080018_WEB.xml,-,Nil,0,160000,Equity Shares,8000,0.01,08-Jul-2025,08-Jul-2025,08-Jul-2025,ESOP,-,NA,-
ADSL,Allied Digital Services Limited,7(2),Joshua S Kendall,08-Jul-2025 20:00,1185208,,0,0,0,0,Equity Shares,3750,546695,Buy,-,https://nsearchives.nseindia.com/corporate/xbrl/IT_1185208_1478997_08072025080018_WEB.xml,-,Nil,0,75000,Equity Shares,3750,0,08-Jul-2025,08-Jul-2025,08-Jul-2025,ESOP,-,NA,-
ADSL,Allied Digital Services Limited,7(2),Jayesh Sonar,08-Jul-2025 20:00,1185208,,0,0,0,0,Equity Shares,3000,546696,Buy,-,https://nsearchives.nseindia.com/corporate/xbrl/IT_1185208_1478997_08072025080018_WEB.xml,-,500,0,60000,Equity Shares,3500,0,08-Jul-2025,08-Jul-2025,08-Jul-2025,ESOP,-,NA,-
ADSL,Allied Digital Services Limited,7(2),Devang Vora,08-Jul-2025 20:00,1185208,,0,0,0,0,Equity Shares,5000,546697,Buy,-,https://nsearchives.nseindia.com/corporate/xbrl/IT_1185208_1478997_08072025080018_WEB.xml,-,Nil,0,100000,Equity Shares,5000,0,08-Jul-2025,08-Jul-2025,08-Jul-2025,ESOP,-,NA,-
ADSL,Allied Digital Services Limited,7(2),Pradeep Rawat,08-Jul-2025 20:00,1185208,,0,0,0,0,Equity Shares,1000,546698,Buy,-,https://nsearchives.nseindia.com/corporate/xbrl/IT_1185208_1478997_08072025080018_WEB.xml,-,Nil,0,20000,Equity Shares,1000,0,08-Jul-2025,08-Jul-2025,08-Jul-2025,ESOP,-,NA,-
ADSL,Allied Digital Services Limited,7(2),Pradeep Parab,08-Jul-2025 20:00,1185208,,0,0,0,0,Equity Shares,1750,546699,Buy,-,https://nsearchives.nseindia.com/corporate/xbrl/IT_1185208_1478997_08072025080018_WEB.xml,-,3350,0,35000,Equity Shares,5100,0,08-Jul-2025,08-Jul-2025,08-Jul-2025,ESOP,-,NA,-
SUNREST,Sunrest Lifescience Limited,7(2),BHAGYESH KIRITBHAI PAREKH,08-Jul-2025 18:05,1185205,,0,0,0,0,Equity Shares,72000,546677,Sell,-,https://nsearchives.nseindia.com/corporate/xbrl/IT_1185205_1478886_08072025060525_WEB.xml,Promoters,627000,14.61,3628800,Equity Shares,555000,12.93,07-Jul-2025,07-Jul-2025,08-Jul-2025,Market Sale,-,NSE,-
GSTL,Globesecure Technologies Limited,7(2),RAGAVAN RAJKUMAR,08-Jul-2025 17:27,1185193,,0,0,0,0,Equity Shares,400000,546675,Pledge,-,https://nsearchives.nseindia.com/corporate/xbrl/IT_1185193_1478823_08072025052724_WEB.xml,Promoters,2980880,15.61,5720000,Equity Shares,2980880,15.61,07-Jul-2025,07-Jul-2025,08-Jul-2025,Pledge Creation,-,NA,-
NAUKRI,Info Edge (India) Limited,7(2),Info Edge Employees Stock Option Plan Trust,08-Jul-2025 16:52,1185187,,0,0,0,0,Equity Shares,1176,546673,Sell,-,https://nsearchives.nseindia.com/corporate/xbrl/IT_1185187_1478773_08072025045259_WEB.xml,Other,576980,0.09,2352,Equity Shares,575804,0.09,07-Jul-2025,07-Jul-2025,07-Jul-2025,ESOP,-,NA,-
RBS,Ramdevbaba Solvent Limited,7(2),Tushar Ramesh Mohata,08-Jul-2025 15:58,1185185,,0,0,0,0,Equity Shares,12800,546670,Buy,-,https://nsearchives.nseindia.com/corporate/xbrl/IT_1185185_1478676_08072025035803_WEB.xml,Promoters,3759050,16.44,1461237,Equity Shares,3771850,16.5,02-Jul-2025,03-Jul-2025,04-Jul-2025,Market Purchase,-,NSE,-
RBS,Ramdevbaba Solvent Limited,7(2),Preeti Nilesh Mohata,08-Jul-2025 15:58,1185185,,0,0,0,0,Equity Shares,19200,546671,Buy,-,https://nsearchives.nseindia.com/corporate/xbrl/IT_1185185_1478676_08072025035803_WEB.xml,Promoter Group,20800,0.09,2223719,Equity Shares,40000,0.17,03-Jul-2025,04-Jul-2025,07-Jul-2025,Market Purchase,-,NSE,-
DENTALKART,Vasa Denticity Limited,7(2),NAKUL VARSHNEY,08-Jul-2025 15:32,1185183,,0,0,0,0,Equity Shares,5000,546667,Sell,-,https://nsearchives.nseindia.com/corporate/xbrl/IT_1185183_1478638_08072025033213_WEB.xml,Promoters,179500,1.08,3150000,Equity Shares,174500,1.05,27-Jun-2025,27-Jun-2025,07-Jul-2025,Market Sale,-,-,-
DENTALKART,Vasa Denticity Limited,7(2),Manish Kumar,08-Jul-2025 15:32,1185183,,0,0,0,0,Equity Shares,56750,546666,Sell,-,https://nsearchives.nseindia.com/corporate/xbrl/IT_1185183_1478638_08072025033213_WEB.xml,Promoters,311000,1.87,36021325,Equity Shares,254250,1.53,27-May-2025,06-Jun-2025,07-Jul-2025,Market Sale,-,-,-
HDBFS,HDB Financial Services Limited,7(2),HDFC Bank Limited,07-Jul-2025 20:23,1185180,,0,0,0,0,Equity Shares,135135135,546663,Sell,-,https://nsearchives.nseindia.com/corporate/xbrl/IT_1185180_1478392_07072025082349_WEB.xml,Promoters,750596670,94.32,99999999900,Equity Shares,615461535,74.19,02-Jul-2025,02-Jul-2025,04-Jul-2025,Others,-,NSE,-
YASHOPTICS,Yash Optics & Lens Limited,7(2),TARUN MANHARLAL DOSHI,07-Jul-2025 19:09,1185178,,0,0,0,0,Equity Shares,1600,546661,Buy,-,https://nsearchives.nseindia.com/corporate/xbrl/IT_1185178_1478346_07072025070959_WEB.xml,Promoters,5474771,22.1,129600,Equity Shares,5476371,22.11,07-Jul-2025,07-Jul-2025,07-Jul-2025,Market Purchase,-,NSE,-
ECLERX,eClerx Services Limited,7(2),Eclerx Employee Welfare Trust,07-Jul-2025 18:58,1185176,,0,0,0,0,Equity Shares,2440,546658,Sell,-,https://nsearchives.nseindia.com/corporate/xbrl/IT_1185176_1478328_07072025065825_WEB.xml,Other,659905,1.38,3497252,Equity Shares,657465,1.37,05-Jul-2025,05-Jul-2025,07-Jul-2025,Off Market,-,NA,-
ECLERX,eClerx Services Limited,7(2),Eclerx Employee Welfare Trust,07-Jul-2025 18:58,1185176,,0,0,0,0,Equity Shares,2755,546659,Sell,-,https://nsearchives.nseindia.com/corporate/xbrl/IT_1185176_1478328_07072025065825_WEB.xml,Other,657465,1.37,3948742,Equity Shares,654710,1.37,05-Jul-2025,05-Jul-2025,07-Jul-2025,Off Market,-,NA,-
SUVEN,Suven Life Sciences Limited,7(2),Jasti Property and Equity Holdings Private Limited,07-Jul-2025 18:47,1185174,,0,0,0,0,Warrants,31768764,546655,Buy,-,https://nsearchives.nseindia.com/corporate/xbrl/IT_1185174_1478317_07072025064711_WEB.xml,Promoter Group,Nil,0,4257014376,Warrants,31768764,0,03-Jul-2025,03-Jul-2025,04-Jul-2025,Preferential Offer,-,NA,-
THOMASCOOK,Thomas Cook  (India)  Limited,7(3),IDBI Trusteeship Services Limited,07-Jul-2025 18:31,1185172,,0,0,0,0,Equity Shares,20467,546653,Sell,-,https://nsearchives.nseindia.com/corporate/xbrl/IT_1185172_1478302_07072025063102_WEB.xml,-,4709297,1,866105,Equity Shares,4688830,1,03-Jul-2025,04-Jul-2025,07-Jul-2025,ESOP,-,NA,-
ZOTA,Zota Health Care LImited,7(2),BHIKHALAL CHHOTALAL DOSHI,07-Jul-2025 17:46,1185169,,0,0,0,0,Equity Shares,14734,546650,Buy,-,https://nsearchives.nseindia.com/corporate/xbrl/IT_1185169_1478238_07072025054618_WEB.xml,Promoter Group,4912,0.02,5624704,Equity Shares,19646,0.07,02-Jul-2025,02-Jul-2025,04-Jul-2025,Preferential Offer,-,NA,-
ABSMARINE,ABS Marine Services Limited,7(2),OceandeepEnergies Private Limited,07-Jul-2025 12:37,1185164,,0,0,0,0,Equity Shares,9000,546648,Buy,-,https://nsearchives.nseindia.com/corporate/xbrl/IT_1185164_1477958_07072025123723_WEB.xml,Promoter Group,27500,0.11,1919250,Equity Shares,36500,0.14,03-Jul-2025,03-Jul-2025,05-Jul-2025,Market Purchase,-,NSE,-
RILINFRA,Rachana Infrastructure Limited,7(2),GIRISHKUMAR OCHCHHAVLAL RAVAL,05-Jul-2025 12:12,1185161,,0,0,0,0,Equity Shares,2400,546646,Buy,-,https://nsearchives.nseindia.com/corporate/xbrl/IT_1185161_1477665_05072025121243_WEB.xml,Promoters,5896581,31.69,98352,Equity Shares,5898981,31.71,04-Jul-2025,04-Jul-2025,05-Jul-2025,Market Purchase,-,NSE,-
TEJASCARGO,Tejas Cargo India Limited,7(2),Manish Bindal,05-Jul-2025 11:22,1185158,,0,0,0,0,Equity Shares,3200,546643,Buy,-,https://nsearchives.nseindia.com/corporate/xbrl/IT_1185158_1477646_05072025112217_WEB.xml,Promoters,8853806,37.06,624779,Equity Shares,8857006,37.07,02-Jul-2025,02-Jul-2025,04-Jul-2025,Market Purchase,-,NSE,-
TEJASCARGO,Tejas Cargo India Limited,7(2),Manish Bindal,05-Jul-2025 11:22,1185158,,0,0,0,0,Equity Shares,5600,546644,Buy,-,https://nsearchives.nseindia.com/corporate/xbrl/IT_1185158_1477646_05072025112217_WEB.xml,Promoters,8857006,37.07,1154930,Equity Shares,8862606,37.09,03-Jul-2025,03-Jul-2025,04-Jul-2025,Market Purchase,-,NSE,-
MANGLMCEM,Mangalam Cement Limited,7(2),Rambara Trading Private Limited,04-Jul-2025 19:58,1185156,,0,0,0,0,Equity Shares,250000,546639,Buy,-,https://nsearchives.nseindia.com/corporate/xbrl/IT_1185156_1477578_04072025075804_WEB.xml,Promoter Group,3225736,11.73,189500000,Equity Shares,3475736,12.64,03-Jul-2025,03-Jul-2025,03-Jul-2025,Inter-se-Transfer,-,NSE,-
MANGLMCEM,Mangalam Cement Limited,7(2),VIDULA CONSULTANCY SERVICES LIMITED,04-Jul-2025 19:58,1185156,,0,0,0,0,Equity Shares,250000,546638,Buy,-,https://nsearchives.nseindia.com/corporate/xbrl/IT_1185156_1477578_04072025075804_WEB.xml,Promoters,4241920,15.43,189500000,Equity Shares,4491920,16.34,03-Jul-2025,03-Jul-2025,03-Jul-2025,Inter-se-Transfer,-,NSE,-
MANGLMCEM,Mangalam Cement Limited,7(2),Pilani Investment and Industries Corporation Limited,04-Jul-2025 19:58,1185156,,0,0,0,0,Equity Shares,500000,546640,Sell,-,https://nsearchives.nseindia.com/corporate/xbrl/IT_1185156_1477578_04072025075804_WEB.xml,Promoters,520000,1.89,379000000,Equity Shares,20000,0.07,03-Jul-2025,03-Jul-2025,04-Jul-2025,Inter-se-Transfer,-,NSE,-
BAJAJHLDNG,Bajaj Holdings & Investment Limited,7(2),RAJIV TRUST,04-Jul-2025 19:30,1185153,,0,0,0,0,Equity Shares,4055137,546633,Sell,-,https://nsearchives.nseindia.com/corporate/xbrl/IT_1185153_1477550_04072025073039_WEB.xml,Promoter Group,4055137,3.64,-,Equity Shares,Nil,0,30-Jun-2025,30-Jun-2025,02-Jul-2025,Off Market,-,NA,-
BAJAJHLDNG,Bajaj Holdings & Investment Limited,7(2),RAJIV TRUST,04-Jul-2025 19:30,1185153,,0,0,0,0,Equity Shares,4055137,546634,Buy,-,https://nsearchives.nseindia.com/corporate/xbrl/IT_1185153_1477550_04072025073039_WEB.xml,Promoter Group,Nil,0,-,Equity Shares,4055137,3.64,30-Jun-2025,30-Jun-2025,02-Jul-2025,Off Market,-,NA,-
BAJAJHLDNG,Bajaj Holdings & Investment Limited,7(2),NIRAV TRUST,04-Jul-2025 19:27,1185151,,0,0,0,0,Equity Shares,5378257,546629,Sell,-,https://nsearchives.nseindia.com/corporate/xbrl/IT_1185151_1477544_04072025072758_WEB.xml,Promoter Group,5378257,4.83,-,Equity Shares,Nil,0,30-Jun-2025,30-Jun-2025,02-Jul-2025,Off Market,-,NA,-
BAJAJHLDNG,Bajaj Holdings & Investment Limited,7(2),NIRAV TRUST,04-Jul-2025 19:27,1185151,,0,0,0,0,Equity Shares,5378257,546630,Buy,-,https://nsearchives.nseindia.com/corporate/xbrl/IT_1185151_1477544_04072025072758_WEB.xml,Promoter Group,Nil,0,-,Equity Shares,5378257,4.83,30-Jun-2025,30-Jun-2025,02-Jul-2025,Off Market,-,NA,-
BAJAJHLDNG,Bajaj Holdings & Investment Limited,7(2),RAJIV TRUST,04-Jul-2025 19:24,1185149,,0,0,0,0,Equity Shares,4055137,546626,Sell,-,https://nsearchives.nseindia.com/corporate/xbrl/IT_1185149_1477540_04072025072429_WEB.xml,Promoter Group,4055137,3.64,-,Equity Shares,Nil,0,30-Jun-2025,30-Jun-2025,02-Jul-2025,Off Market,-,NA,-
CERA,Cera Sanitaryware Limited,7(2),Cera Sanitaryware Employees Welfare Trust,04-Jul-2025 18:18,1185145,,0,0,0,0,Equity Shares,795,546620,Sell,-,https://nsearchives.nseindia.com/corporate/xbrl/IT_1185145_1477460_04072025061812_WEB.xml,Other,3298,0.03,3975,Equity Shares,2503,0.02,30-Jun-2025,30-Jun-2025,02-Jul-2025,Off Market,-,NA,-
HOMESFY,Homesfy Realty Limited,7(2),Ashish Kukreja,04-Jul-2025 17:57,1185143,,0,0,0,0,Equity Shares,300,546618,Buy,-,https://nsearchives.nseindia.com/corporate/xbrl/IT_1185143_1477430_04072025055701_WEB.xml,Promoters,1513512,46.91,87000,Equity Shares,1513812,46.92,03-Jul-2025,04-Jul-2025,04-Jul-2025,Market Purchase,-,NSE,-
ALUWIND,ALUWIND INFRA-TECH LIMITED,7(2),Prakash Kumar Agarwal,04-Jul-2025 17:36,1185141,,0,0,0,0,Equity Shares,28500,546616,Sell,-,https://nsearchives.nseindia.com/corporate/xbrl/IT_1185141_1477417_04072025053617_WEB.xml,Other,163500,0.66,2482050,Equity Shares,135000,0.54,-,-,04-Jul-2025,Market Sale,-,NSE,-
ALUWIND,ALUWIND INFRA-TECH LIMITED,7(2),Prakash Kumar Agarwal,04-Jul-2025 17:36,1185141,,0,0,0,0,Equity Shares,16500,546615,Sell,-,https://nsearchives.nseindia.com/corporate/xbrl/IT_1185141_1477417_04072025053617_WEB.xml,Other,180000,0.72,1404900,Equity Shares,163500,0.66,-,-,02-Jul-2025,Market Sale,-,NSE,-
SAAKSHI,Saakshi Medtech and Panels Limited,7(2),MAYURI ANIKET LATKAR,04-Jul-2025 17:30,1185139,,0,0,0,0,Equity Shares,24000,546612,Buy,-,https://nsearchives.nseindia.com/corporate/xbrl/IT_1185139_1477407_04072025053041_WEB.xml,Promoters,649500,3.7,5026200,Equity Shares,24000,3.8,03-Jul-2025,03-Jul-2025,02-Jul-2025,Market Purchase,-,NSE,-
SAAKSHI,Saakshi Medtech and Panels Limited,7(2),ANIKET VIJAY LATKAR,04-Jul-2025 17:30,1185139,,0,0,0,0,Equity Shares,11400,546611,Buy,-,https://nsearchives.nseindia.com/corporate/xbrl/IT_1185139_1477407_04072025053041_WEB.xml,Promoters,650000,3.7,2337000,Equity Shares,11400,3.8,03-Jul-2025,03-Jul-2025,02-Jul-2025,Market Purchase,-,NSE,-
MAGSON,Magson Retail And Distribution Limited,7(2),United Friends Ventures LLP,04-Jul-2025 16:47,1185136,,0,0,0,0,Equity Shares,925000,546608,Buy,-,https://nsearchives.nseindia.com/corporate/xbrl/IT_1185136_1477366_04072025044733_WEB.xml,Promoter Group,Nil,0,86256250,Equity Shares,925000,9.46,03-Jul-2025,03-Jul-2025,04-Jul-2025,Preferential Offer,-,NA,-
AURIONPRO,Aurionpro Solutions Limited,7(2),SAM FINANCIAL SERVICES,04-Jul-2025 15:57,1185133,,0,0,0,0,Equity Shares,2650,546606,Sell,-,https://nsearchives.nseindia.com/corporate/xbrl/IT_1185133_1477316_04072025035741_WEB.xml,Other,1683800,3.05,3708666,Equity Shares,1681150,3.05,27-Jun-2025,27-Jun-2025,04-Jul-2025,Market Sale,-,-,-
AURIONPRO,Aurionpro Solutions Limited,7(2),SAM FINANCIAL SERVICES,04-Jul-2025 15:57,1185133,,0,0,0,0,Equity Shares,12000,546605,Sell,-,https://nsearchives.nseindia.com/corporate/xbrl/IT_1185133_1477316_04072025035741_WEB.xml,Other,1695800,3.07,16193600,Equity Shares,1683800,3.05,26-Jun-2025,26-Jun-2025,04-Jul-2025,Market Sale,-,-,-
AURIONPRO,Aurionpro Solutions Limited,7(2),SAM FINANCIAL SERVICES,04-Jul-2025 15:57,1185133,,0,0,0,0,Equity Shares,6100,546604,Sell,-,https://nsearchives.nseindia.com/corporate/xbrl/IT_1185133_1477316_04072025035741_WEB.xml,Other,1701900,3.08,7919226,Equity Shares,1695800,3.07,25-Jun-2025,25-Jun-2025,04-Jul-2025,Market Sale,-,-,-
GULFPETRO,GP Petroleums Limited,7(2),NIVAYA RESOURCES PRIVATE LIMITES,04-Jul-2025 15:52,1185131,,0,0,0,0,Equity Shares,35000,546600,Sell,-,https://nsearchives.nseindia.com/corporate/xbrl/IT_1185131_1477308_04072025035222_WEB.xml,Promoters,728895,1.43,1580454,Equity Shares,693895,1.36,30-Jun-2025,30-Jun-2025,03-Jul-2025,Market Sale,-,BSE,-
NAUKRI,Info Edge (India) Limited,7(2),Info Edge Employees Stock Option Plan Trust,04-Jul-2025 15:23,1185129,,0,0,0,0,Equity Shares,2294,546598,Sell,-,https://nsearchives.nseindia.com/corporate/xbrl/IT_1185129_1477286_04072025032343_WEB.xml,Other,579274,0.09,4588,Equity Shares,576980,0.09,03-Jul-2025,03-Jul-2025,03-Jul-2025,ESOP,-,NA,-
ACE,Action Construction Equipment Limited,7(2),Gurbinder singh,04-Jul-2025 14:50,1185127,,0,0,0,0,Equity Shares,1620,546596,Sell,-,https://nsearchives.nseindia.com/corporate/xbrl/IT_1185127_1477262_04072025025005_WEB.xml,Employees/Designated Employees,2953,0,19890614,Equity Shares,1333,0,27-Jun-2025,30-Jun-2025,02-Jul-2025,Market Sale,-,NSE,-
ACE,Action Construction Equipment Limited,7(2),Virender Saroha,04-Jul-2025 14:50,1185127,,0,0,0,0,Equity Shares,2570,546595,Sell,-,https://nsearchives.nseindia.com/corporate/xbrl/IT_1185127_1477262_04072025025005_WEB.xml,Employees/Designated Employees,2570,0,3132106,Equity Shares,Nil,0,24-Jun-2025,30-Jun-2025,02-Jul-2025,Market Sale,-,NSE,-
ACE,Action Construction Equipment Limited,7(2),AKHIL KUMAR,04-Jul-2025 14:50,1185127,,0,0,0,0,Equity Shares,1371,546594,Sell,-,https://nsearchives.nseindia.com/corporate/xbrl/IT_1185127_1477262_04072025025005_WEB.xml,Employees/Designated Employees,1371,0,1680347,Equity Shares,Nil,0,30-Jun-2025,30-Jun-2025,02-Jul-2025,Market Sale,-,NSE,-
RILINFRA,Rachana Infrastructure Limited,7(2),GIRISHKUMAR OCHCHHAVLAL RAVAL,04-Jul-2025 12:26,1185122,,0,0,0,0,Equity Shares,2000,546588,Buy,-,https://nsearchives.nseindia.com/corporate/xbrl/IT_1185122_1477192_04072025122642_WEB.xml,Promoters,5894581,31.68,81780,Equity Shares,5896581,31.69,03-Jul-2025,03-Jul-2025,04-Jul-2025,Market Purchase,-,NSE,-
RBS,Ramdevbaba Solvent Limited,7(2),Nilesh Suresh Mohata,04-Jul-2025 12:14,1185120,,0,0,0,0,Equity Shares,8000,546585,Buy,-,https://nsearchives.nseindia.com/corporate/xbrl/IT_1185120_1477179_04072025121422_WEB.xml,Promoters,3503670,15.33,898000,Equity Shares,3511670,15.36,30-Jun-2025,30-Jun-2025,02-Jul-2025,Market Purchase,-,NSE,-
RBS,Ramdevbaba Solvent Limited,7(2),PRASHANT KISAHNLAL BHAIYA,04-Jul-2025 12:14,1185120,,0,0,0,0,Equity Shares,8000,546586,Buy,-,https://nsearchives.nseindia.com/corporate/xbrl/IT_1185120_1477179_04072025121422_WEB.xml,Promoter Group,404700,1.77,906400,Equity Shares,412700,1.8,01-Jul-2025,01-Jul-2025,03-Jul-2025,Market Purchase,-,NSE,-
IKS,Inventurus Knowledge Solutions Limited,7(2),Nikhil Sharma,04-Jul-2025 11:36,1185117,,0,0,0,0,Equity Shares,1000,546579,Sell,-,https://nsearchives.nseindia.com/corporate/xbrl/IT_1185117_1477154_04072025113605_WEB.xml,-,12000,0.01,1614000,Equity Shares,11000,0.01,30-Jun-2025,30-Jun-2025,03-Jul-2025,Market Sale,-,NSE,-
IKS,Inventurus Knowledge Solutions Limited,7(2),Nikhil Sharma,04-Jul-2025 11:36,1185117,,0,0,0,0,Equity Shares,7500,546580,Buy,-,https://nsearchives.nseindia.com/corporate/xbrl/IT_1185117_1477154_04072025113605_WEB.xml,-,4500,0,562500,Equity Shares,12000,0.01,09-May-2025,09-May-2025,09-May-2025,ESOP,-,NA,-
VERTOZ,Vertoz Limited,7(2),Hirenkumar Rasiklal Shah,04-Jul-2025 11:26,1185115,,0,0,0,0,Equity Shares,8000000,546576,Pledge,-,https://nsearchives.nseindia.com/corporate/xbrl/IT_1185115_1477150_04072025112637_WEB.xml,Promoters,21960648,25.77,0,Equity Shares,21960648,25.77,-,-,03-Jul-2025,Pledge Creation,-,NSE,-
GRAVITA,Gravita India Limited,7(2),Manesh Kumar Jangir,04-Jul-2025 11:04,1185113,,0,0,0,0,Equity Shares,1000,546574,Sell,-,https://nsearchives.nseindia.com/corporate/xbrl/IT_1185113_1477137_04072025110408_WEB.xml,-,6335,0.01,1868425,Equity Shares,5335,0.01,30-Jun-2025,30-Jun-2025,02-Jul-2025,Market Sale,-,NSE,-
AVANTEL,Avantel Limited,7(2),P Bala Bhaskar Rao,04-Jul-2025 09:43,1185111,,0,0,0,0,Equity Shares,15500,546572,Sell,-,https://nsearchives.nseindia.com/corporate/xbrl/IT_1185111_1477107_04072025094345_WEB.xml,Employees/Designated Employees,114965,0.04,2594674,Equity Shares,99465,0.04,03-Jun-2025,30-Jun-2025,02-Jul-2025,Market Sale,-,NSE,-
RELTD,Ravindra Energy Limited,7(2),KHANDEPAR INVESTMENTS PRIVATE LIMITED,03-Jul-2025 22:08,1185109,,0,0,0,0,Equity Shares,5500000,546570,Pledge,-,https://nsearchives.nseindia.com/corporate/xbrl/IT_1185109_1477083_03072025100801_WEB.xml,Promoters,61870666,34.65,734250000,Equity Shares,61870666,34.65,27-Jun-2025,27-Jun-2025,01-Jul-2025,Pledge Creation,-,NA,-
M&M,Mahindra & Mahindra Limited,7(2),Mahindra & Mahindra Employees' Stock Option Trust,03-Jul-2025 20:32,1185107,,0,0,0,0,Equity Shares,13122,546568,Sell,-,https://nsearchives.nseindia.com/corporate/xbrl/IT_1185107_1477069_03072025083233_WEB.xml,Other,42544360,3.42,65490,Equity Shares,42531238,3.42,03-Jul-2025,03-Jul-2025,03-Jul-2025,ESOP,-,NA,-
M&M,Mahindra & Mahindra Limited,7(2),Anoop Kachhara,03-Jul-2025 20:32,1185107,,0,0,0,0,Equity Shares,792,546567,Buy,-,https://nsearchives.nseindia.com/corporate/xbrl/IT_1185107_1477069_03072025083233_WEB.xml,Employees/Designated Employees,600,0,2514402,Equity Shares,1392,0,03-Jul-2025,03-Jul-2025,03-Jul-2025,ESOP,-,NA,-
M&M,Mahindra & Mahindra Limited,7(2),Amrita Agarwal,03-Jul-2025 20:32,1185107,,0,0,0,0,Equity Shares,2492,546566,Buy,-,https://nsearchives.nseindia.com/corporate/xbrl/IT_1185107_1477069_03072025083233_WEB.xml,Employees/Designated Employees,1,0,7911477,Equity Shares,2493,0,03-Jul-2025,03-Jul-2025,03-Jul-2025,ESOP,-,NA,-
360ONE,360 ONE WAM LIMITED,7(2),Nikunj Kedia,03-Jul-2025 19:38,1185103,,0,0,0,0,Equity Shares,10000,546562,Sell,-,https://nsearchives.nseindia.com/corporate/xbrl/IT_1185103_1477035_03072025073809_WEB.xml,Employees/Designated Employees,51948,0.01,12000000,Equity Shares,41948,0.01,30-Jun-2025,30-Jun-2025,02-Jul-2025,Market Sale,-,NSE,-
HCLTECH,HCL Technologies Limited,7(2),Priti Gupta,03-Jul-2025 19:32,1185102,,0,0,0,0,Equity Shares,160,546560,Sell,-,https://nsearchives.nseindia.com/corporate/xbrl/IT_1185102_1477025_03072025073210_WEB.xml,Immediate relative,160,0,276000,Equity Shares,Nil,0,16-Jun-2025,16-Jun-2025,03-Jul-2025,Market Sale,-,NSE,-
HCLTECH,HCL Technologies Limited,7(2),Vimal Gupta,03-Jul-2025 19:32,1185102,,0,0,0,0,Equity Shares,500,546561,Sell,-,https://nsearchives.nseindia.com/corporate/xbrl/IT_1185102_1477025_03072025073210_WEB.xml,-,500,0,870000,Equity Shares,Nil,0,20-Jun-2025,20-Jun-2025,03-Jul-2025,Market Sale,-,NSE,-
KPITTECH,KPIT Technologies Limited,7(2),KPIT TECHNOLOGIES LIMITED EMPLOYEES WELFARE TRUST,03-Jul-2025 19:19,1185100,,0,0,0,0,Equity Shares,3615,546556,Sell,-,https://nsearchives.nseindia.com/corporate/xbrl/IT_1185100_1477013_03072025071910_WEB.xml,Other,2225599,0.81,35150,Equity Shares,2221984,0.81,30-Jun-2025,30-Jun-2025,01-Jul-2025,ESOP,-,NA,-
KPITTECH,KPIT Technologies Limited,7(2),KPIT TECHNOLOGIES LIMITED EMPLOYEES WELFARE TRUST,03-Jul-2025 19:19,1185100,,0,0,0,0,Equity Shares,3115,546557,Sell,-,https://nsearchives.nseindia.com/corporate/xbrl/IT_1185100_1477013_03072025071910_WEB.xml,Other,2221984,0.81,31150,Equity Shares,2218869,0.81,30-Jun-2025,30-Jun-2025,01-Jul-2025,ESOP,-,NA,-
KPITTECH,KPIT Technologies Limited,7(2),KPIT TECHNOLOGIES LIMITED EMPLOYEES WELFARE TRUST,03-Jul-2025 19:19,1185100,,0,0,0,0,Equity Shares,3084,546555,Sell,-,https://nsearchives.nseindia.com/corporate/xbrl/IT_1185100_1477013_03072025071910_WEB.xml,Other,2228683,0.81,30840,Equity Shares,2225599,0.81,30-Jun-2025,30-Jun-2025,01-Jul-2025,ESOP,-,NA,-
INDOSTAR,IndoStar Capital Finance Limited,7(2),Priya Prasad,03-Jul-2025 19:12,1185097,,0,0,0,0,Equity Shares,950,546550,Sell,-,https://nsearchives.nseindia.com/corporate/xbrl/IT_1185097_1477002_03072025071240_WEB.xml,-,2602,0,337487,Equity Shares,1652,0,30-Jun-2025,30-Jun-2025,01-Jul-2025,Market Sale,-,NSE,-
BAJAJFINSV,Bajaj Finserv Limited,7(2),Nirav Trust,03-Jul-2025 18:18,1185094,,0,0,0,0,Equity Shares,46000,546548,Buy,-,https://nsearchives.nseindia.com/corporate/xbrl/IT_1185094_1476953_03072025061835_WEB.xml,Promoter Group,Nil,0,94500100,Equity Shares,46000,0,30-Jun-2025,30-Jun-2025,02-Jul-2025,Off Market,-,NA,-
BAJAJFINSV,Bajaj Finserv Limited,7(2),Nirav Trust,03-Jul-2025 18:18,1185094,,0,0,0,0,Equity Shares,46000,546547,Sell,-,https://nsearchives.nseindia.com/corporate/xbrl/IT_1185094_1476953_03072025061835_WEB.xml,Promoter Group,46000,0,94500100,Equity Shares,Nil,0,30-Jun-2025,30-Jun-2025,02-Jul-2025,Off Market,-,NA,-
TRU,TruCap Finance Limited,7(2),Kishor Gangadas Mehta,03-Jul-2025 17:58,1185092,,0,0,0,0,Equity Shares,130000,546544,Buy,-,https://nsearchives.nseindia.com/corporate/xbrl/IT_1185092_1476935_03072025055854_WEB.xml,Promoter Group,Nil,0,4267975,Equity Shares,130000,0.11,25-Sep-2024,25-Sep-2024,02-Jul-2025,Market Purchase,-,NSE,-
TRU,TruCap Finance Limited,7(2),Kishor Gangadas Mehta,03-Jul-2025 17:58,1185092,,0,0,0,0,Equity Shares,150000,546543,Buy,-,https://nsearchives.nseindia.com/corporate/xbrl/IT_1185092_1476935_03072025055854_WEB.xml,Promoter Group,130000,0.11,4568479,Equity Shares,280000,0.24,27-Sep-2024,27-Sep-2024,02-Jul-2025,Market Purchase,-,NSE,-
PROZONER,Prozone Realty Limited,7(2),APAX TRUST,03-Jul-2025 16:52,1185090,,0,0,0,0,Equity Shares,2371,546539,Buy,-,https://nsearchives.nseindia.com/corporate/xbrl/IT_1185090_1476883_03072025045236_WEB.xml,Promoter Group,Nil,0,59275,Equity Shares,2371,0,22-May-2025,22-May-2025,01-Jul-2025,Off Market,-,NA,-
PROZONER,Prozone Realty Limited,7(2),APAX TRUST,03-Jul-2025 16:52,1185090,,0,0,0,0,Equity Shares,43995788,546540,Buy,-,https://nsearchives.nseindia.com/corporate/xbrl/IT_1185090_1476883_03072025045236_WEB.xml,Promoter Group,2371,0,1099894700,Equity Shares,43998159,28.83,27-Jun-2025,27-Jun-2025,01-Jul-2025,Off Market,-,NA,-
DPSCLTD,DPSC Limited,7(2),Aksara Commercial Private Limited,03-Jul-2025 16:42,1185089,,0,0,0,0,Equity Shares,100000,546538,Sell,-,https://nsearchives.nseindia.com/corporate/xbrl/IT_1185089_1476877_03072025044228_WEB.xml,Promoter Group,61880714,6.36,1321692,Equity Shares,61780741,6.35,30-Jun-2025,30-Jun-2025,02-Jul-2025,Market Sale,-,NSE,-
LOKESHMACH,Lokesh Machines Limited,7(2),BOLLINENI KISHORE BABU,03-Jul-2025 16:14,1185085,,0,0,0,0,Equity Shares,121000,546534,Buy,-,https://nsearchives.nseindia.com/corporate/xbrl/IT_1185085_1476852_03072025041400_WEB.xml,Promoters,1224209,6.2,29433250,Equity Shares,1345209,6.73,01-Jul-2025,01-Jul-2025,02-Jul-2025,Conversion of security,-,NA,-
NAUKRI,Info Edge (India) Limited,7(2),Kapil Chaudhary,03-Jul-2025 16:01,1185082,,0,0,0,0,Equity Shares,540,546531,Sell,-,https://nsearchives.nseindia.com/corporate/xbrl/IT_1185082_1476836_03072025040116_WEB.xml,Employees/Designated Employees,540,0,798729,Equity Shares,Nil,0,30-Jun-2025,30-Jun-2025,02-Jul-2025,Market Sale,-,NSE,-
LOKESHMACH,Lokesh Machines Limited,7(2),MULLAPUDI LOKESWARA RAO,03-Jul-2025 15:55,1185080,,0,0,0,0,Equity Shares,122398,546529,Buy,-,https://nsearchives.nseindia.com/corporate/xbrl/IT_1185080_1476830_03072025035510_WEB.xml,Promoters,955962,4.84,29773314,Equity Shares,1078360,5.39,01-Jul-2025,01-Jul-2025,02-Jul-2025,Conversion of security,-,NA,-
TEJASCARGO,Tejas Cargo India Limited,7(2),Manish Bindal,03-Jul-2025 15:32,1185076,,0,0,0,0,Equity Shares,11200,546526,Buy,-,https://nsearchives.nseindia.com/corporate/xbrl/IT_1185076_1476819_03072025033211_WEB.xml,Promoters,8837806,36.99,2254354,Equity Shares,8849006,37.04,27-Jun-2025,30-Jun-2025,02-Jul-2025,Market Purchase,-,NSE,-
TEJASCARGO,Tejas Cargo India Limited,7(2),Manish Bindal,03-Jul-2025 15:32,1185076,,0,0,0,0,Equity Shares,4800,546527,Buy,-,https://nsearchives.nseindia.com/corporate/xbrl/IT_1185076_1476819_03072025033211_WEB.xml,Promoters,8849006,37.04,969229,Equity Shares,8853806,37.06,30-Jun-2025,30-Jun-2025,02-Jul-2025,Market Purchase,-,NSE,-
PGEL,PG Electroplast Limited,7(2),PG Electroplast Limited Employees Welfare Trust,03-Jul-2025 15:02,1185074,,0,0,0,0,Equity Shares,94154,546523,Sell,-,https://nsearchives.nseindia.com/corporate/xbrl/IT_1185074_1476798_03072025030249_WEB.xml,Other,253044,0.09,71141181,Equity Shares,158890,0.06,27-Jun-2025,30-Jun-2025,01-Jul-2025,ESOP,-,NSE,-
RILINFRA,Rachana Infrastructure Limited,7(2),GIRISHKUMAR OCHCHHAVLAL RAVAL,03-Jul-2025 11:38,1185072,,0,0,0,0,Equity Shares,1000,546521,Buy,-,https://nsearchives.nseindia.com/corporate/xbrl/IT_1185072_1476745_03072025113817_WEB.xml,Promoters,5893581,31.68,40850,Equity Shares,5894581,31.68,02-Jul-2025,02-Jul-2025,03-Jul-2025,Market Purchase,-,NSE,-
SHAH,Shah Metacorp Limited,7(2),Mona Viral Shah,02-Jul-2025 23:29,1185070,,0,0,0,0,Warrants,44000000,546519,Buy,-,https://nsearchives.nseindia.com/corporate/xbrl/IT_1185070_1476689_02072025112925_WEB.xml,Director,Nil,0,207240000,Warrants,44000000,4.97,26-Jun-2025,28-Jun-2025,30-Jun-2025,Preferential Offer,-,NA,-
CENTUM,Centum Electronics Limited,7(2),Dinesh Nopani,02-Jul-2025 22:57,1185068,,0,0,0,0,Equity Shares,400,546517,Sell,-,https://nsearchives.nseindia.com/corporate/xbrl/IT_1185068_1476679_02072025105706_WEB.xml,Employees/Designated Employees,7819,0.05,964400,Equity Shares,7419,0.05,17-Jun-2025,17-Jun-2025,02-Jul-2025,Market Sale,-,NSE,-
CENTUM,Centum Electronics Limited,7(2),Dinesh Nopani,02-Jul-2025 22:57,1185068,,0,0,0,0,Equity Shares,200,546516,Sell,-,https://nsearchives.nseindia.com/corporate/xbrl/IT_1185068_1476679_02072025105706_WEB.xml,Employees/Designated Employees,7419,0.05,486200,Equity Shares,7219,0.05,18-Jun-2025,18-Jun-2025,02-Jul-2025,Market Sale,-,NSE,-
SIGNPOST,Signpost India Limited,7(2),SHIKHA RAJESH AVASTHI,02-Jul-2025 20:35,1185066,,0,0,0,0,Equity Shares,114707,546507,Buy,-,https://nsearchives.nseindia.com/corporate/xbrl/IT_1185066_1476656_02072025083534_WEB.xml,Promoter Group,Nil,0,22867988,Equity Shares,114707,0.21,30-Jun-2025,30-Jun-2025,02-Jul-2025,Market Purchase,-,NSE,-
SIGNPOST,Signpost India Limited,7(2),SHRIPAD PRALHAD ASHTEKAR,02-Jul-2025 20:35,1185066,,0,0,0,0,Equity Shares,465000,546511,Buy,-,https://nsearchives.nseindia.com/corporate/xbrl/IT_1185066_1476656_02072025083534_WEB.xml,Promoters,15252957,28.54,98970600,Equity Shares,15717957,29.41,30-Jun-2025,30-Jun-2025,02-Jul-2025,Market Purchase,-,NSE,-
SIGNPOST,Signpost India Limited,7(2),SINGIPALYA RANGAIAH MANJUNATH,02-Jul-2025 20:35,1185066,,0,0,0,0,Equity Shares,83225,546512,Buy,-,https://nsearchives.nseindia.com/corporate/xbrl/IT_1185066_1476656_02072025083534_WEB.xml,Promoter Group,Nil,0,16634181,Equity Shares,83225,0.16,30-Jun-2025,30-Jun-2025,02-Jul-2025,Market Purchase,-,NSE,-
SIGNPOST,Signpost India Limited,7(2),DIPANKAR CHATTERJEE,02-Jul-2025 20:35,1185066,,0,0,0,0,Equity Shares,300758,546513,Buy,-,https://nsearchives.nseindia.com/corporate/xbrl/IT_1185066_1476656_02072025083534_WEB.xml,Promoters,8129768,15.21,59983176,Equity Shares,8430526,15.77,30-Jun-2025,30-Jun-2025,02-Jul-2025,Market Purchase,-,NSE,-
SIGNPOST,Signpost India Limited,7(2),AISHWARYA SHRIPAD ASHTEKAR,02-Jul-2025 20:35,1185066,,0,0,0,0,Equity Shares,997271,546510,Buy,-,https://nsearchives.nseindia.com/corporate/xbrl/IT_1185066_1476656_02072025083534_WEB.xml,Promoter Group,Nil,0,199583845,Equity Shares,997271,1.87,30-Jun-2025,30-Jun-2025,02-Jul-2025,Market Purchase,-,NSE,-
SIGNPOST,Signpost India Limited,7(2),KEMPARAJU SINGEPALYA RANGAIAH,02-Jul-2025 20:35,1185066,,0,0,0,0,Equity Shares,63895,546508,Buy,-,https://nsearchives.nseindia.com/corporate/xbrl/IT_1185066_1476656_02072025083534_WEB.xml,Promoters,742116,1.39,12772611,Equity Shares,806011,1.51,30-Jun-2025,30-Jun-2025,02-Jul-2025,Market Purchase,-,NSE,-
SIGNPOST,Signpost India Limited,7(2),AVANI SHRIPAD ASHTEKAR,02-Jul-2025 20:35,1185066,,0,0,0,0,Equity Shares,24810,546509,Buy,-,https://nsearchives.nseindia.com/corporate/xbrl/IT_1185066_1476656_02072025083534_WEB.xml,Promoter Group,Nil,0,4974653,Equity Shares,24810,0.05,30-Jun-2025,30-Jun-2025,02-Jul-2025,-,-,NSE,-
SIGNPOST,Signpost India Limited,7(2),ANOUSHKA RAJESH AWASTHI,02-Jul-2025 20:35,1185066,,0,0,0,0,Equity Shares,210532,546506,Buy,-,https://nsearchives.nseindia.com/corporate/xbrl/IT_1185066_1476656_02072025083534_WEB.xml,Promoter Group,Nil,0,41988502,Equity Shares,210532,0.39,30-Jun-2025,30-Jun-2025,02-Jul-2025,Market Purchase,-,NSE,-
SIGNPOST,Signpost India Limited,7(2),RAJESH ARVIND AWASTHI,02-Jul-2025 20:35,1185066,,0,0,0,0,Equity Shares,49962,546505,Buy,-,https://nsearchives.nseindia.com/corporate/xbrl/IT_1185066_1476656_02072025083534_WEB.xml,Promoters,1034886,1.94,9961923,Equity Shares,1084848,2.03,30-Jun-2025,30-Jun-2025,02-Jul-2025,Market Purchase,-,NSE,-
360ONE,360 ONE WAM LIMITED,7(2),Japhia Walker,02-Jul-2025 20:09,1185065,,0,0,0,0,Equity Shares,7000,546503,Sell,-,https://nsearchives.nseindia.com/corporate/xbrl/IT_1185065_1476642_02072025080925_WEB.xml,Employees/Designated Employees,74304,0.02,8365000,Equity Shares,67304,0.02,30-Jun-2025,30-Jun-2025,30-Jun-2025,Market Sale,-,NSE,-
360ONE,360 ONE WAM LIMITED,7(2),RONAK RAMESH SHETH,02-Jul-2025 20:09,1185065,,0,0,0,0,Equity Shares,5000,546504,Sell,-,https://nsearchives.nseindia.com/corporate/xbrl/IT_1185065_1476642_02072025080925_WEB.xml,Employees/Designated Employees,92348,0.02,6010000,Equity Shares,87348,0.02,27-Jun-2025,27-Jun-2025,30-Jun-2025,Market Sale,-,NSE,-
VIMTALABS,Vimta Labs Limited,7(2),Sudheshna Vungal,02-Jul-2025 19:33,1185063,,0,0,0,0,Equity Shares,100000,546500,Buy,-,https://nsearchives.nseindia.com/corporate/xbrl/IT_1185063_1476616_02072025073313_WEB.xml,Promoter Group,201758,0.45,43820000,Equity Shares,301758,0.68,27-Jun-2025,27-Jun-2025,30-Jun-2025,Gift,-,NA,-
VIMTALABS,Vimta Labs Limited,7(2),Harriman Vungal,02-Jul-2025 19:33,1185063,,0,0,0,0,Equity Shares,450000,546497,Sell,-,https://nsearchives.nseindia.com/corporate/xbrl/IT_1185063_1476616_02072025073313_WEB.xml,Promoters,3545636,7.97,197190000,Equity Shares,3095636,6.96,27-Jun-2025,27-Jun-2025,30-Jun-2025,Gift,-,NA,-
VIMTALABS,Vimta Labs Limited,7(2),Vungal Rajeswari,02-Jul-2025 19:33,1185063,,0,0,0,0,Equity Shares,250000,546498,Buy,-,https://nsearchives.nseindia.com/corporate/xbrl/IT_1185063_1476616_02072025073313_WEB.xml,Promoter Group,161450,0.36,109550000,Equity Shares,411450,0.92,27-Jun-2025,27-Jun-2025,30-Jun-2025,Gift,-,NA,-
VIMTALABS,Vimta Labs Limited,7(2),Sireesh Chandra Vungal,02-Jul-2025 19:33,1185063,,0,0,0,0,Equity Shares,100000,546499,Buy,-,https://nsearchives.nseindia.com/corporate/xbrl/IT_1185063_1476616_02072025073313_WEB.xml,Promoter Group,226110,0.5,43820000,Equity Shares,326110,0.73,27-Jun-2025,27-Jun-2025,30-Jun-2025,Gift,-,NA,-
OBCL,Orissa Bengal Carrier Limited,7(2),Rishi Kumar & Sons (HUF),02-Jul-2025 19:16,1185060,,0,0,0,0,Equity Shares,935000,546491,Sell,-,https://nsearchives.nseindia.com/corporate/xbrl/IT_1185060_1476599_02072025071613_WEB.xml,Promoter Group,935480,4.44,51780300,Equity Shares,480,0,30-Jun-2025,30-Jun-2025,02-Jul-2025,Inter-se-Transfer,-,NA,-
OBCL,Orissa Bengal Carrier Limited,7(2),Ravi Agrawal,02-Jul-2025 19:16,1185060,,0,0,0,0,Equity Shares,935000,546492,Buy,-,https://nsearchives.nseindia.com/corporate/xbrl/IT_1185060_1476599_02072025071613_WEB.xml,Promoters,8269300,39.22,51780300,Equity Shares,9204300,43.65,30-Jun-2025,30-Jun-2025,02-Jul-2025,Inter-se-Transfer,-,NA,-
FSL,Firstsource Solutions Limited,7(2),Firstsource Employee Benefit Trust,02-Jul-2025 19:12,1185059,,0,0,0,0,Equity Shares,274958,546488,Sell,-,https://nsearchives.nseindia.com/corporate/xbrl/IT_1185059_1476593_02072025071205_WEB.xml,Other,6478376,0.93,2749580,Equity Shares,6203418,0.89,23-Jun-2025,23-Jun-2025,23-Jun-2025,Off Market,-,NA,-
POLYSIL,Polysil Irrigation Systems Limited,7(2),Asmitaben Patel,02-Jul-2025 19:10,1185057,,0,0,0,0,Warrants,1360000,546485,Buy,-,https://nsearchives.nseindia.com/corporate/xbrl/IT_1185057_1476588_02072025071022_WEB.xml,Promoter Group,Nil,0,23868000,Warrants,1360000,2.36,03-Jun-2025,03-Jun-2025,02-Jul-2025,Preferential Offer,-,NA,-
POLYSIL,Polysil Irrigation Systems Limited,7(2),Het Savani,02-Jul-2025 19:10,1185057,,0,0,0,0,Warrants,1360000,546486,Buy,-,https://nsearchives.nseindia.com/corporate/xbrl/IT_1185057_1476588_02072025071022_WEB.xml,Promoter Group,Nil,0,23868000,Warrants,1360000,2.36,03-Jun-2025,03-Jun-2025,02-Jul-2025,Preferential Offer,-,NA,-
POLYSIL,Polysil Irrigation Systems Limited,7(2),Bharatkumar Tulshibhai Patel,02-Jul-2025 19:10,1185057,,0,0,0,0,Equity Shares,2770000,546483,Buy,-,https://nsearchives.nseindia.com/corporate/xbrl/IT_1185057_1476588_02072025071022_WEB.xml,Promoters,2866500,25.28,48613500,Equity Shares,5636500,25.05,03-Jun-2025,03-Jun-2025,02-Jul-2025,Preferential Offer,-,NA,-
POLYSIL,Polysil Irrigation Systems Limited,7(2),Bharatkumar Tulshibhai Patel,02-Jul-2025 19:10,1185057,,0,0,0,0,Warrants,11700000,546484,Buy,-,https://nsearchives.nseindia.com/corporate/xbrl/IT_1185057_1476588_02072025071022_WEB.xml,Promoters,5636500,25.05,205335000,Warrants,17336500,30.1,03-Jun-2025,03-Jun-2025,02-Jul-2025,Preferential Offer,-,NA,-
DBREALTY,Valor Estate Limited,7(2),Avinash B Mane,02-Jul-2025 19:07,1185053,,0,0,0,0,Equity Shares,500,546477,Sell,-,https://nsearchives.nseindia.com/corporate/xbrl/IT_1185053_1476584_02072025070728_WEB.xml,Employees/Designated Employees,7161,0,117244,Equity Shares,6661,0,30-Jun-2025,30-Jun-2025,01-Jul-2025,Market Sale,-,NSE,-
DBREALTY,Valor Estate Limited,7(2),Harish Joshi,02-Jul-2025 19:07,1185053,,0,0,0,0,Equity Shares,1950,546476,Sell,-,https://nsearchives.nseindia.com/corporate/xbrl/IT_1185053_1476584_02072025070728_WEB.xml,Employees/Designated Employees,63900,0.01,452151,Equity Shares,61950,0.01,26-Jun-2025,26-Jun-2025,30-Jun-2025,Market Sale,-,BSE,-
DBREALTY,Valor Estate Limited,7(2),Satish Agarwal,02-Jul-2025 19:07,1185053,,0,0,0,0,Equity Shares,4800,546478,Pledge,-,https://nsearchives.nseindia.com/corporate/xbrl/IT_1185053_1476584_02072025070728_WEB.xml,Employees/Designated Employees,8300,0,836592,Equity Shares,8300,0,25-Jun-2025,25-Jun-2025,30-Jun-2025,Pledge Creation,-,NSE,-
FSL,Firstsource Solutions Limited,7(2),Firstsource Employee Benefit Trust,02-Jul-2025 19:04,1185052,,0,0,0,0,Equity Shares,12200,546475,Sell,-,https://nsearchives.nseindia.com/corporate/xbrl/IT_1185052_1476580_02072025070450_WEB.xml,Other,6490576,0.93,4569388,Equity Shares,6478376,0.93,23-Jun-2025,23-Jun-2025,26-Jun-2025,Market Sale,-,NSE,-
ADVENZYMES,Advanced Enzyme Technologies Limited,7(2),Payal Akshay Kulkarni,02-Jul-2025 18:58,1185050,,0,0,0,0,Equity Shares,3300,546473,Sell,-,https://nsearchives.nseindia.com/corporate/xbrl/IT_1185050_1476572_02072025065844_WEB.xml,Promoter Group,5500,0,1082645,Equity Shares,2200,0,26-Jun-2025,26-Jun-2025,30-Jun-2025,Market Sale,-,NSE,-
IGIL,International Gemmological Institute (India) Limited,7(2),Bhavik Chikani,02-Jul-2025 18:55,1185049,,0,0,0,0,Equity Shares,1880,546472,Sell,-,https://nsearchives.nseindia.com/corporate/xbrl/IT_1185049_1476567_02072025065546_WEB.xml,Employees/Designated Employees,2765,0,1075017,Equity Shares,885,0,20-Dec-2024,19-Feb-2025,01-Jul-2025,Market Sale,-,NSE,-
IGIL,International Gemmological Institute (India) Limited,7(2),Bhavik Chikani,02-Jul-2025 18:55,1185049,,0,0,0,0,Equity Shares,2285,546471,Buy,-,https://nsearchives.nseindia.com/corporate/xbrl/IT_1185049_1476567_02072025065546_WEB.xml,Employees/Designated Employees,480,0,1273497,Equity Shares,2765,0,20-Dec-2024,19-Feb-2025,01-Jul-2025,Market Purchase,-,NSE,-
GANECOS,Ganesha Ecosphere Limited,7(2),Ganesha Employees Welfare Trust,02-Jul-2025 18:18,1185044,,0,0,0,0,Equity Shares,105,546464,Sell,-,https://nsearchives.nseindia.com/corporate/xbrl/IT_1185044_1476528_02072025061829_WEB.xml,Other,28673,0.11,154560,Equity Shares,28568,0.11,30-Jun-2025,30-Jun-2025,01-Jul-2025,ESOP,-,NA,-
GANECOS,Ganesha Ecosphere Limited,7(2),Ganesha Employees Welfare Trust,02-Jul-2025 18:18,1185044,,0,0,0,0,Equity Shares,129,546463,Sell,-,https://nsearchives.nseindia.com/corporate/xbrl/IT_1185044_1476528_02072025061829_WEB.xml,Other,28802,0.11,189888,Equity Shares,28673,0.11,30-Jun-2025,30-Jun-2025,01-Jul-2025,ESOP,-,NA,-
GANECOS,Ganesha Ecosphere Limited,7(2),Ganesha Employees Welfare Trust,02-Jul-2025 18:18,1185044,,0,0,0,0,Equity Shares,128,546462,Sell,-,https://nsearchives.nseindia.com/corporate/xbrl/IT_1185044_1476528_02072025061829_WEB.xml,Other,28930,0.11,188416,Equity Shares,28802,0.11,30-Jun-2025,30-Jun-2025,01-Jul-2025,ESOP,-,NA,-
GANECOS,Ganesha Ecosphere Limited,7(2),Ganesha Employees Welfare Trust,02-Jul-2025 18:18,1185044,,0,0,0,0,Equity Shares,126,546461,Sell,-,https://nsearchives.nseindia.com/corporate/xbrl/IT_1185044_1476528_02072025061829_WEB.xml,Other,29056,0.11,185472,Equity Shares,28930,0.11,30-Jun-2025,30-Jun-2025,01-Jul-2025,ESOP,-,NA,-
GANECOS,Ganesha Ecosphere Limited,7(2),Ganesha Employees Welfare Trust,02-Jul-2025 18:18,1185044,,0,0,0,0,Equity Shares,126,546460,Sell,-,https://nsearchives.nseindia.com/corporate/xbrl/IT_1185044_1476528_02072025061829_WEB.xml,Other,29182,0.11,185472,Equity Shares,29056,0.11,30-Jun-2025,30-Jun-2025,01-Jul-2025,ESOP,-,NA,-
GANECOS,Ganesha Ecosphere Limited,7(2),Ganesha Employees Welfare Trust,02-Jul-2025 18:18,1185044,,0,0,0,0,Equity Shares,126,546459,Sell,-,https://nsearchives.nseindia.com/corporate/xbrl/IT_1185044_1476528_02072025061829_WEB.xml,Other,29308,0.12,185472,Equity Shares,29182,0.11,30-Jun-2025,30-Jun-2025,-,ESOP,-,NA,-
GANECOS,Ganesha Ecosphere Limited,7(2),Ganesha Employees Welfare Trust,02-Jul-2025 18:18,1185044,,0,0,0,0,Equity Shares,126,546458,Sell,-,https://nsearchives.nseindia.com/corporate/xbrl/IT_1185044_1476528_02072025061829_WEB.xml,Other,29434,0.12,185472,Equity Shares,29308,0.12,30-Jun-2025,30-Jun-2025,01-Jul-2025,ESOP,-,NA,-
GANECOS,Ganesha Ecosphere Limited,7(2),Ganesha Employees Welfare Trust,02-Jul-2025 18:18,1185044,,0,0,0,0,Equity Shares,126,546456,Sell,-,https://nsearchives.nseindia.com/corporate/xbrl/IT_1185044_1476528_02072025061829_WEB.xml,Other,29686,0.12,185472,Equity Shares,29560,0.12,30-Jun-2025,30-Jun-2025,01-Jul-2025,ESOP,-,NA,-
GANECOS,Ganesha Ecosphere Limited,7(2),Ganesha Employees Welfare Trust,02-Jul-2025 18:18,1185044,,0,0,0,0,Equity Shares,126,546455,Sell,-,https://nsearchives.nseindia.com/corporate/xbrl/IT_1185044_1476528_02072025061829_WEB.xml,Other,29812,0.12,185472,Equity Shares,29686,0.12,30-Jun-2025,30-Jun-2025,01-Jul-2025,ESOP,-,NA,-
GANECOS,Ganesha Ecosphere Limited,7(2),Ganesha Employees Welfare Trust,02-Jul-2025 18:18,1185044,,0,0,0,0,Equity Shares,349,546453,Sell,-,https://nsearchives.nseindia.com/corporate/xbrl/IT_1185044_1476528_02072025061829_WEB.xml,Other,30265,0.12,514775,Equity Shares,29916,0.12,25-Jun-2025,25-Jun-2025,01-Jul-2025,Market Sale,-,NSE,-
GANECOS,Ganesha Ecosphere Limited,7(2),Ganesha Employees Welfare Trust,02-Jul-2025 18:18,1185044,,0,0,0,0,Equity Shares,104,546454,Sell,-,https://nsearchives.nseindia.com/corporate/xbrl/IT_1185044_1476528_02072025061829_WEB.xml,Other,29916,0.12,153088,Equity Shares,29812,0.12,30-Jun-2025,30-Jun-2025,01-Jul-2025,ESOP,-,NA,-
GANECOS,Ganesha Ecosphere Limited,7(2),Ganesha Employees Welfare Trust,02-Jul-2025 18:18,1185044,,0,0,0,0,Equity Shares,126,546457,Sell,-,https://nsearchives.nseindia.com/corporate/xbrl/IT_1185044_1476528_02072025061829_WEB.xml,Other,29560,0.12,185472,Equity Shares,29434,0.12,30-Jun-2025,30-Jun-2025,01-Jul-2025,ESOP,-,NA,-
EDELWEISS,Edelweiss Financial Services Limited,7(2),Aparna T. C.,02-Jul-2025 18:01,1185041,,0,0,0,0,Equity Shares,11790000,546452,Buy,-,https://nsearchives.nseindia.com/corporate/xbrl/IT_1185041_1476513_02072025060148_WEB.xml,Promoters,12210000,1.29,0,Equity Shares,24000000,2.54,27-Jun-2025,27-Jun-2025,01-Jul-2025,Inter-se-Transfer,-,NA,-
EDELWEISS,Edelweiss Financial Services Limited,7(2),Kaavya Venkat Arakoni,02-Jul-2025 18:01,1185041,,0,0,0,0,Equity Shares,11790000,546451,Sell,-,https://nsearchives.nseindia.com/corporate/xbrl/IT_1185041_1476513_02072025060148_WEB.xml,Promoter Group,11790000,1.25,0,Equity Shares,Nil,-,27-Jun-2025,27-Jun-2025,01-Jul-2025,Inter-se-Transfer,-,NA,-
GENUSPOWER,Genus Power Infrastructures Limited,7(2),Kailash Chandra Agarwal,02-Jul-2025 17:26,1185038,,0,0,0,0,Equity Shares,1600000,546436,Pledge,-,https://nsearchives.nseindia.com/corporate/xbrl/IT_1185038_1476483_02072025052636_WEB.xml,Director,12398356,4.08,597840000,Equity Shares,12398356,4.08,30-Jun-2025,30-Jun-2025,30-Jun-2025,Pledge Creation,-,NA,-
GENUSPOWER,Genus Power Infrastructures Limited,7(2),Kailash Chandra Agarwal,02-Jul-2025 17:26,1185038,,0,0,0,0,Equity Shares,1600000,546435,Pledge,-,https://nsearchives.nseindia.com/corporate/xbrl/IT_1185038_1476483_02072025052636_WEB.xml,Promoters,12398356,4.08,597840000,Equity Shares,12398356,4.08,30-Jun-2025,30-Jun-2025,30-Jun-2025,Pledge Creation,-,NA,-
SILVERTUC,Silver Touch Technologies Limited,7(2),Vipul Thakkar,02-Jul-2025 17:23,1185037,,0,0,0,0,Equity Shares,213,546432,Buy,-,https://nsearchives.nseindia.com/corporate/xbrl/IT_1185037_1476477_02072025052347_WEB.xml,Promoters,2675363,21.1,152512,Equity Shares,2675576,21.1,27-Jun-2025,27-Jun-2025,01-Jul-2025,Market Purchase,-,NSE,-
SILVERTUC,Silver Touch Technologies Limited,7(2),Unmesh Thakkar,02-Jul-2025 17:23,1185037,,0,0,0,0,Equity Shares,1400,546434,Sell,-,https://nsearchives.nseindia.com/corporate/xbrl/IT_1185037_1476477_02072025052347_WEB.xml,Promoter Group,1400,0.01,0,Equity Shares,Nil,0,27-Jun-2025,27-Jun-2025,02-Jul-2025,Off Market,-,NA,-
SILVERTUC,Silver Touch Technologies Limited,7(2),Vipul Thakkar,02-Jul-2025 17:23,1185037,,0,0,0,0,Equity Shares,1400,546433,Buy,-,https://nsearchives.nseindia.com/corporate/xbrl/IT_1185037_1476477_02072025052347_WEB.xml,Promoters,2675576,21.1,0,Equity Shares,2676976,21.11,27-Jun-2025,27-Jun-2025,01-Jul-2025,Off Market,-,NA,-
SAFARI,Safari Industries (India) Limited,7(2),MANOJ MOHANRAO GHORPADE,02-Jul-2025 16:53,1185032,,0,0,0,0,Equity Shares,600,546423,Sell,-,https://nsearchives.nseindia.com/corporate/xbrl/IT_1185032_1476430_02072025045326_WEB.xml,-,10250,0.02,1284225,Equity Shares,9650,0.02,26-Jun-2025,30-Jun-2025,01-Jul-2025,Market Sale,-,NSE,-
SAFARI,Safari Industries (India) Limited,7(2),KETAN THAKKER,02-Jul-2025 16:53,1185032,,0,0,0,0,Equity Shares,543,546424,Sell,-,https://nsearchives.nseindia.com/corporate/xbrl/IT_1185032_1476430_02072025045326_WEB.xml,-,543,0,1166626,Equity Shares,Nil,0,25-Jun-2025,30-Jun-2025,01-Jul-2025,Market Sale,-,NSE,-
JSWSTEEL,JSW Steel Limited,7(2),JSW Steel Employees Welfare Trust ?  ESOP Plan 2016 A/c,02-Jul-2025 16:38,1185030,,0,0,0,0,Equity Shares,6300,546418,Sell,-,https://nsearchives.nseindia.com/corporate/xbrl/IT_1185030_1476415_02072025043824_WEB.xml,Other,5848425,0.24,6300,Equity Shares,5842125,0.24,30-Jun-2025,30-Jun-2025,01-Jul-2025,Off Market,-,NA,-
JSWSTEEL,JSW Steel Limited,7(2),JSW Steel Employees Welfare Trust ?  OPJ ESOP Plan 2021 A/c,02-Jul-2025 16:38,1185030,,0,0,0,0,Equity Shares,16292,546419,Sell,-,https://nsearchives.nseindia.com/corporate/xbrl/IT_1185030_1476415_02072025043824_WEB.xml,Other,5842125,0.24,16292,Equity Shares,5825833,0.24,30-Jun-2025,30-Jun-2025,01-Jul-2025,Off Market,-,NA,-
JSWSTEEL,JSW Steel Limited,7(2),JSW Steel Employees Welfare Trust ?  JSWSL OPJ Samruddhi  Plan 2021 A/c,02-Jul-2025 16:38,1185030,,0,0,0,0,Equity Shares,654,546420,Sell,-,https://nsearchives.nseindia.com/corporate/xbrl/IT_1185030_1476415_02072025043824_WEB.xml,Other,5825833,0.24,654,Equity Shares,5825179,0.24,30-Jun-2025,30-Jun-2025,01-Jul-2025,Off Market,-,NA,-
JSWSTEEL,JSW Steel Limited,7(2),JSW Steel Employees Welfare Trust ?  OPJ ESOP Plan 2021 A/c,02-Jul-2025 16:38,1185030,,0,0,0,0,Equity Shares,9578,546412,Sell,-,https://nsearchives.nseindia.com/corporate/xbrl/IT_1185030_1476415_02072025043824_WEB.xml,Other,5868814,0.24,9819275,Equity Shares,5859236,0.24,27-Jun-2025,27-Jun-2025,30-Jun-2025,Market Sale,-,NSE,-
JSWSTEEL,JSW Steel Limited,7(2),JSW Steel Employees Welfare Trust ?  JSWSL OPJ Samruddhi  Plan 2021 A/c,02-Jul-2025 16:38,1185030,,0,0,0,0,Equity Shares,140,546413,Sell,-,https://nsearchives.nseindia.com/corporate/xbrl/IT_1185030_1476415_02072025043824_WEB.xml,Other,5859236,0.24,143500,Equity Shares,5859096,0.24,27-Jun-2025,27-Jun-2025,30-Jun-2025,Market Sale,-,NSE,-
JSWSTEEL,JSW Steel Limited,7(2),JSW Steel Employees Welfare Trust ?  OPJ ESOP Plan 2021 A/c,02-Jul-2025 16:38,1185030,,0,0,0,0,Equity Shares,543,546414,Sell,-,https://nsearchives.nseindia.com/corporate/xbrl/IT_1185030_1476415_02072025043824_WEB.xml,Other,5859096,0.24,543,Equity Shares,5858553,0.24,27-Jun-2025,27-Jun-2025,30-Jun-2025,Off Market,-,NA,-
JSWSTEEL,JSW Steel Limited,7(2),JSW Steel Employees Welfare Trust ?  JSWSL OPJ Samruddhi  Plan 2021 A/c,02-Jul-2025 16:38,1185030,,0,0,0,0,Equity Shares,2244,546415,Sell,-,https://nsearchives.nseindia.com/corporate/xbrl/IT_1185030_1476415_02072025043824_WEB.xml,Other,5858553,0.24,2244,Equity Shares,5856309,0.24,27-Jun-2025,27-Jun-2025,30-Jun-2025,Off Market,-,NA,-
JSWSTEEL,JSW Steel Limited,7(2),JSW Steel Employees Welfare Trust ?  ESOP Plan 2016 A/c,02-Jul-2025 16:38,1185030,,0,0,0,0,Equity Shares,7852,546416,Sell,-,https://nsearchives.nseindia.com/corporate/xbrl/IT_1185030_1476415_02072025043824_WEB.xml,Other,5856309,0.24,7970178,Equity Shares,5848457,0.24,30-Jun-2025,30-Jun-2025,01-Jul-2025,Market Sale,-,NSE,-
JSWSTEEL,JSW Steel Limited,7(2),JSW Steel Employees Welfare Trust ?  JSWSL OPJ Samruddhi  Plan 2021 A/c,02-Jul-2025 16:38,1185030,,0,0,0,0,Equity Shares,32,546417,Sell,-,https://nsearchives.nseindia.com/corporate/xbrl/IT_1185030_1476415_02072025043824_WEB.xml,Other,5848457,0.24,32481,Equity Shares,5848425,0.24,30-Jun-2025,30-Jun-2025,01-Jul-2025,Market Sale,-,NSE,-
PGEL,PG Electroplast Limited,7(2),Ruchi Pramod Gupta,02-Jul-2025 16:23,1185028,,0,0,0,0,Equity Shares,240531,546402,Sell,-,https://nsearchives.nseindia.com/corporate/xbrl/IT_1185028_1476392_02072025042330_WEB.xml,Immediate relative,866603,0.31,182232111,Equity Shares,626072,0.22,27-Jun-2025,30-Jun-2025,01-Jul-2025,Market Sale,-,NSE,-
AUBANK,AU Small Finance Bank Limited,7(2),Bhargavi Shukla,02-Jul-2025 16:19,1185026,,0,0,0,0,Equity Shares,47400,546400,Sell,-,https://nsearchives.nseindia.com/corporate/xbrl/IT_1185026_1476386_02072025041905_WEB.xml,Immediate relative,47400,0.01,38569380,Equity Shares,Nil,0,30-Jun-2025,30-Jun-2025,02-Jul-2025,Market Sale,-,NSE,-
NAHARPOLY,Nahar Poly Films Limited,7(2),CLOSETTRUNK PRIVATE LIMITED,02-Jul-2025 16:07,1185024,,0,0,0,0,Equity Shares,5000,546398,Buy,-,https://nsearchives.nseindia.com/corporate/xbrl/IT_1185024_1476378_02072025040731_WEB.xml,Promoter Group,Nil,0,1799701,Equity Shares,5000,0.02,30-Jun-2025,30-Jun-2025,01-Jul-2025,Market Purchase,-,NSE,-
HOMESFY,Homesfy Realty Limited,7(2),Ashish Kukreja,02-Jul-2025 16:01,1185023,,0,0,0,0,Equity Shares,900,546397,Buy,-,https://nsearchives.nseindia.com/corporate/xbrl/IT_1185023_1476374_02072025040124_WEB.xml,Promoters,1512612,46.89,256806,Equity Shares,1513512,46.91,01-Jul-2025,02-Jul-2025,02-Jul-2025,Market Purchase,-,NSE,-
KRISHANA,Krishana Phoschem Limited,7(2),Shanti Lal Kanther,02-Jul-2025 15:48,1185020,,0,0,0,0,Equity Shares,850,546394,Sell,-,https://nsearchives.nseindia.com/corporate/xbrl/IT_1185020_1476366_02072025034844_WEB.xml,Promoter Group,1803,0,371540,Equity Shares,953,0,30-Jun-2025,30-Jun-2025,01-Jul-2025,Market Sale,-,NSE,-
KRISHANA,Krishana Phoschem Limited,7(2),Shanti Lal Kanther,02-Jul-2025 15:32,1185017,,0,0,0,0,Equity Shares,1750,546392,Buy,-,https://nsearchives.nseindia.com/corporate/xbrl/IT_1185017_1476351_02072025033233_WEB.xml,Promoter Group,53,0,850039,Equity Shares,1803,0,21-May-2025,27-Jun-2025,30-Jun-2025,Market Purchase,-,NSE,-
TRANSRAILL,Transrail Lighting Limited,7(2),Asiana Fund I,02-Jul-2025 15:16,1185015,,0,0,0,0,Equity Shares,601368,546390,Sell,-,https://nsearchives.nseindia.com/corporate/xbrl/IT_1185015_1476339_02072025031654_WEB.xml,Other,7094089,5.28,397008736,Equity Shares,6492721,4.84,27-Jun-2025,30-Jun-2025,01-Jul-2025,Market Sale,-,NSE,-
AURUM,Aurum PropTech Limited,7(2),Vishal Sharma,02-Jul-2025 15:00,1185013,,0,0,0,0,Equity Shares,10204,546388,Sell,-,https://nsearchives.nseindia.com/corporate/xbrl/IT_1185013_1476334_02072025030036_WEB.xml,Employees/Designated Employees,25000,0.03,2009019,Equity Shares,14796,0.02,24-Jun-2025,26-Jun-2025,30-Jun-2025,Market Sale,-,"BSE,NSE",-
ANUP,The Anup Engineering Limited,7(2),BHAGWATI FILTERS PVT LTD,02-Jul-2025 14:29,1185012,,0,0,0,0,Equity Shares,500,546379,Buy,-,https://nsearchives.nseindia.com/corporate/xbrl/IT_1185012_1476308_02072025022958_WEB.xml,Immediate relative,5000,0.02,1385105,Equity Shares,5500,0.03,30-Jun-2025,30-Jun-2025,01-Jul-2025,Market Purchase,-,BSE,-
ANUP,The Anup Engineering Limited,7(2),PRAVIN N. BHAGWATI,02-Jul-2025 14:29,1185012,,0,0,0,0,Equity Shares,1135,546378,Buy,-,https://nsearchives.nseindia.com/corporate/xbrl/IT_1185012_1476308_02072025022958_WEB.xml,Immediate relative,68835,0.34,3100169,Equity Shares,69970,0.35,30-Jun-2025,30-Jun-2025,01-Jul-2025,Market Purchase,-,NSE,-
ANUP,The Anup Engineering Limited,7(2),BHAGWATI SPHEROCAST PVT LTD,02-Jul-2025 14:29,1185012,,0,0,0,0,Equity Shares,1000,546377,Buy,-,https://nsearchives.nseindia.com/corporate/xbrl/IT_1185012_1476308_02072025022958_WEB.xml,Immediate relative,62000,0.31,2744975,Equity Shares,63000,0.31,30-Jun-2025,30-Jun-2025,01-Jul-2025,Market Purchase,-,NSE,-
SIGNPOST,Signpost India Limited,7(2),Pramina Suchanti,02-Jul-2025 14:12,1185009,,0,0,0,0,Equity Shares,68926,546372,Sell,-,https://nsearchives.nseindia.com/corporate/xbrl/IT_1185009_1476298_02072025021232_WEB.xml,Promoters,68926,0.13,13625139,Equity Shares,Nil,0,30-Jun-2025,30-Jun-2025,01-Jul-2025,Market Sale,-,NSE,-
ORIENTELEC,Orient Electric Limited,7(2),Amer lnvestments (Delhi) Limited,02-Jul-2025 14:08,1185008,,0,0,0,0,Equity Shares,67600,546369,Sell,-,https://nsearchives.nseindia.com/corporate/xbrl/IT_1185008_1476296_02072025020818_WEB.xml,Promoter Group,1422000,0.67,15032212,Equity Shares,1354400,0.63,27-Jun-2025,27-Jun-2025,30-Jun-2025,Inter-se-Transfer,-,NA,-
ORIENTELEC,Orient Electric Limited,7(2),Central India Industries Limited,02-Jul-2025 14:08,1185008,,0,0,0,0,Equity Shares,1000000,546368,Buy,-,https://nsearchives.nseindia.com/corporate/xbrl/IT_1185008_1476296_02072025020818_WEB.xml,Promoters,52559648,24.63,222370000,Equity Shares,53559648,25.1,27-Jun-2025,27-Jun-2025,30-Jun-2025,Inter-se-Transfer,-,NA,-
ORIENTELEC,Orient Electric Limited,7(2),lndia Silica Magnesite Works Limited,02-Jul-2025 14:08,1185008,,0,0,0,0,Equity Shares,200000,546367,Sell,-,https://nsearchives.nseindia.com/corporate/xbrl/IT_1185008_1476296_02072025020818_WEB.xml,Promoter Group,200000,0.09,44474000,Equity Shares,Nil,0,27-Jun-2025,27-Jun-2025,30-Jun-2025,Inter-se-Transfer,-,NA,-
ORIENTELEC,Orient Electric Limited,7(2),Bengal Rubber Company Limited,02-Jul-2025 14:08,1185008,,0,0,0,0,Equity Shares,195000,546371,Sell,-,https://nsearchives.nseindia.com/corporate/xbrl/IT_1185008_1476296_02072025020818_WEB.xml,Promoter Group,195000,0.09,43362150,Equity Shares,Nil,0,27-Jun-2025,27-Jun-2025,30-Jun-2025,Inter-se-Transfer,-,NA,-
ORIENTELEC,Orient Electric Limited,7(2),National Engineering lndustries Limited,02-Jul-2025 14:08,1185008,,0,0,0,0,Equity Shares,537400,546370,Sell,-,https://nsearchives.nseindia.com/corporate/xbrl/IT_1185008_1476296_02072025020818_WEB.xml,Promoter Group,537400,0.25,119501638,Equity Shares,Nil,0,27-Jun-2025,27-Jun-2025,30-Jun-2025,Inter-se-Transfer,-,NA,-
SIGNPOST,Signpost India Limited,7(2),Dr Niren Chand Suchanti,02-Jul-2025 14:00,1185004,,0,0,0,0,Equity Shares,5577204,546355,Sell,-,https://nsearchives.nseindia.com/corporate/xbrl/IT_1185004_1476292_02072025020002_WEB.xml,Promoters,5591154,10.46,1129027235,Equity Shares,13950,0.02,30-Jun-2025,30-Jun-2025,01-Jul-2025,Market Sale,-,"BSE,NSE",-
ASAHIINDIA,Asahi India Glass Limited,7(2),Ashok Kanhayalal Monga,02-Jul-2025 13:22,1185002,,0,0,0,0,Equity Shares,5124,546352,Sell,-,https://nsearchives.nseindia.com/corporate/xbrl/IT_1185002_1476263_02072025012244_WEB.xml,Promoter Group,123124,0.05,3924882,Equity Shares,118000,0.05,29-May-2025,29-May-2025,30-Jun-2025,Market Sale,-,NSE,-
ASAHIINDIA,Asahi India Glass Limited,7(2),Ashok Kanhayalal Monga,02-Jul-2025 13:22,1185002,,0,0,0,0,Equity Shares,6000,546353,Sell,-,https://nsearchives.nseindia.com/corporate/xbrl/IT_1185002_1476263_02072025012244_WEB.xml,Promoter Group,118000,0.05,4688372,Equity Shares,112000,0.05,19-Jun-2025,19-Jun-2025,30-Jun-2025,Market Sale,-,NSE,-
ASAHIINDIA,Asahi India Glass Limited,7(2),Ashok Kanhayalal Monga,02-Jul-2025 13:22,1185002,,0,0,0,0,Equity Shares,876,546351,Sell,-,https://nsearchives.nseindia.com/corporate/xbrl/IT_1185002_1476263_02072025012244_WEB.xml,Promoter Group,124000,0.05,663451,Equity Shares,123124,0.05,21-May-2025,21-May-2025,30-Jun-2025,Market Sale,-,NSE,-
STARCEMENT,Star Cement Limited,7(2),VINAY AND COMPANY,02-Jul-2025 13:13,1185001,,0,0,0,0,Equity Shares,1228,546349,Sell,-,https://nsearchives.nseindia.com/corporate/xbrl/IT_1185001_1476253_02072025011355_WEB.xml,Promoter Group,1101400,0.27,262654,Equity Shares,1100172,0.27,27-Jun-2025,27-Jun-2025,01-Jul-2025,Market Sale,-,NSE,-
STARCEMENT,Star Cement Limited,7(2),Suchita Agarwal,02-Jul-2025 13:13,1185001,,0,0,0,0,Equity Shares,9500,546350,Sell,-,https://nsearchives.nseindia.com/corporate/xbrl/IT_1185001_1476253_02072025011355_WEB.xml,Promoter Group,809535,0.2,2028003,Equity Shares,800035,0.2,27-Jun-2025,27-Jun-2025,01-Jul-2025,Market Sale,-,BSE,-
DIVISLAB,Divi's Laboratories Limited,7(2),K. Sridevi,02-Jul-2025 12:16,1184997,,0,0,0,0,Equity Shares,150,546340,Sell,-,https://nsearchives.nseindia.com/corporate/xbrl/IT_1184997_1476204_02072025121623_WEB.xml,Immediate relative,3650,0,1008950,Equity Shares,3500,0,30-Jun-2025,30-Jun-2025,02-Jul-2025,Market Sale,-,NSE,-
SHYAMCENT,Shyam Century Ferrous Limited,7(2),Rajesh Kumar Agarwal,02-Jul-2025 12:14,1184996,,0,0,0,0,Equity Shares,30000,546339,Sell,-,https://nsearchives.nseindia.com/corporate/xbrl/IT_1184996_1476201_02072025121402_WEB.xml,Promoters,2307510,1.09,217500,Equity Shares,2277510,1.07,27-Jun-2025,27-Jun-2025,30-Jun-2025,Market Sale,-,NSE,-
SHYAMCENT,Shyam Century Ferrous Limited,7(2),Hari Prasad Agarwala & Ors.,02-Jul-2025 12:14,1184996,,0,0,0,0,Equity Shares,30000,546338,Sell,-,https://nsearchives.nseindia.com/corporate/xbrl/IT_1184996_1476201_02072025121402_WEB.xml,Promoter Group,777864,0.37,222000,Equity Shares,747864,0.35,26-Jun-2025,26-Jun-2025,30-Jun-2025,Market Sale,-,NSE,-
SHYAMCENT,Shyam Century Ferrous Limited,7(2),Sumitra Devi Agarwal,02-Jul-2025 12:14,1184996,,0,0,0,0,Equity Shares,30000,546336,Sell,-,https://nsearchives.nseindia.com/corporate/xbrl/IT_1184996_1476201_02072025121402_WEB.xml,Promoter Group,419799,0.2,281706,Equity Shares,381132,0.18,26-Jun-2025,27-Jun-2025,30-Jun-2025,Market Sale,-,NSE,-
SHYAMCENT,Shyam Century Ferrous Limited,7(2),Bhawna Agarwal,02-Jul-2025 12:14,1184996,,0,0,0,0,Equity Shares,30000,546337,Sell,-,https://nsearchives.nseindia.com/corporate/xbrl/IT_1184996_1476201_02072025121402_WEB.xml,Promoter Group,404989,0.19,217500,Equity Shares,374989,0.18,27-Jun-2025,27-Jun-2025,30-Jun-2025,Market Sale,-,NSE,-
RILINFRA,Rachana Infrastructure Limited,7(2),GIRISHKUMAR OCHCHHAVLAL RAVAL,02-Jul-2025 12:09,1184994,,0,0,0,0,Equity Shares,3500,546331,Buy,-,https://nsearchives.nseindia.com/corporate/xbrl/IT_1184994_1476188_02072025120913_WEB.xml,Promoters,5890081,31.66,142765,Equity Shares,5893581,31.68,01-Jul-2025,01-Jul-2025,02-Jul-2025,Market Purchase,-,NSE,-
GENUSPAPER,Genus Paper & Boards Limited,7(2),Ishwar Chand Agarwal,02-Jul-2025 11:55,1184991,,0,0,0,0,Equity Shares,6500000,546329,Pledge Revoke,-,https://nsearchives.nseindia.com/corporate/xbrl/IT_1184991_1476180_02072025115539_WEB.xml,Promoters,8194447,3.19,122330000,Equity Shares,8194447,3.19,30-Jun-2025,30-Jun-2025,01-Jul-2025,Revokation of Pledge,-,NA,-
EMAPARTNER,EMA Partners India Limited,7(2),Krishnan Subbaraman,02-Jul-2025 11:36,1184988,,0,0,0,0,Equity Shares,7000,546326,Buy,-,https://nsearchives.nseindia.com/corporate/xbrl/IT_1184988_1476166_02072025113646_WEB.xml,Promoter Group,10000,0.04,722700,Equity Shares,17000,0.07,27-Jun-2025,27-Jun-2025,01-Jul-2025,Market Purchase,-,NSE,-
EMAPARTNER,EMA Partners India Limited,7(2),Krishnan Subbaraman,02-Jul-2025 11:36,1184988,,0,0,0,0,Equity Shares,3000,546325,Buy,-,https://nsearchives.nseindia.com/corporate/xbrl/IT_1184988_1476166_02072025113646_WEB.xml,Promoter Group,7000,0.03,311400,Equity Shares,10000,0.04,24-Jun-2025,24-Jun-2025,25-Jun-2025,Market Purchase,-,NSE,-
NAHARCAP,Nahar Capital and Financial Services Limited,7(2),CLOSETTRUNK PRIVATE LIMITED,02-Jul-2025 11:12,1184986,,0,0,0,0,Equity Shares,9232,546322,Buy,-,https://nsearchives.nseindia.com/corporate/xbrl/IT_1184986_1476159_02072025111217_WEB.xml,Promoter Group,Nil,0,3092280,Equity Shares,9232,0.06,27-Jun-2025,30-Jun-2025,01-Jul-2025,Market Purchase,-,NSE,-
MGEL,Mangalam Global Enterprise Limited,7(2),PRAVEEN KUMAR GUPTA,02-Jul-2025 10:33,1184984,,0,0,0,0,Equity Shares,14786,546320,Sell,-,https://nsearchives.nseindia.com/corporate/xbrl/IT_1184984_1476146_02072025103329_WEB.xml,Director,238500,0.07,223869,Equity Shares,223714,0.07,30-Jun-2025,30-Jun-2025,01-Jul-2025,Market Sale,-,NSE,-
RELTD,Ravindra Energy Limited,7(2),Dr. VIDYA MURKUMBI,01-Jul-2025 22:13,1184981,,0,0,0,0,Equity Shares,100000,546317,Sell,-,https://nsearchives.nseindia.com/corporate/xbrl/IT_1184981_1476126_01072025101337_WEB.xml,Promoters,503000,0.28,13350000,Equity Shares,403000,0.22,27-Jun-2025,27-Jun-2025,30-Jun-2025,Gift,-,NA,-
RELTD,Ravindra Energy Limited,7(2),MRS. SUPRIYA ROJEKAR,01-Jul-2025 22:13,1184981,,0,0,0,0,Equity Shares,250000,546318,Sell,-,https://nsearchives.nseindia.com/corporate/xbrl/IT_1184981_1476126_01072025101337_WEB.xml,Promoters,750000,0.42,33375000,Equity Shares,500000,0.28,27-Jun-2025,27-Jun-2025,30-Jun-2025,Gift,-,NA,-
RELTD,Ravindra Energy Limited,7(2),MR. AALOK WADHWA,01-Jul-2025 22:13,1184981,,0,0,0,0,Equity Shares,250000,546312,Buy,-,https://nsearchives.nseindia.com/corporate/xbrl/IT_1184981_1476126_01072025101337_WEB.xml,Promoter Group,Nil,0,33375000,Equity Shares,250000,0.14,27-Jun-2025,27-Jun-2025,30-Jun-2025,Gift,-,NA,-
RELTD,Ravindra Energy Limited,7(2),MR ABHAY WADHWA,01-Jul-2025 22:13,1184981,,0,0,0,0,Equity Shares,250000,546313,Buy,-,https://nsearchives.nseindia.com/corporate/xbrl/IT_1184981_1476126_01072025101337_WEB.xml,Promoter Group,Nil,0,33375000,Equity Shares,250000,0.14,27-Jun-2025,27-Jun-2025,30-Jun-2025,Gift,-,NA,-
RELTD,Ravindra Energy Limited,7(2),MR. DHRUV ROJEKAR,01-Jul-2025 22:13,1184981,,0,0,0,0,Equity Shares,250000,546314,Buy,-,https://nsearchives.nseindia.com/corporate/xbrl/IT_1184981_1476126_01072025101337_WEB.xml,Promoter Group,Nil,0,33375000,Equity Shares,250000,0.14,27-Jun-2025,27-Jun-2025,30-Jun-2025,Gift,-,NA,-
RELTD,Ravindra Energy Limited,7(2),MRS. ANURADHA KULKARNI,01-Jul-2025 22:13,1184981,,0,0,0,0,Equity Shares,100000,546315,Buy,-,https://nsearchives.nseindia.com/corporate/xbrl/IT_1184981_1476126_01072025101337_WEB.xml,Promoter Group,Nil,0,13350000,Equity Shares,100000,0.06,27-Jun-2025,27-Jun-2025,30-Jun-2025,Gift,-,NA,-
RELTD,Ravindra Energy Limited,7(2),MRS. APOORVA NARENDRA MURKUMBI,01-Jul-2025 22:13,1184981,,0,0,0,0,Equity Shares,500000,546316,Sell,-,https://nsearchives.nseindia.com/corporate/xbrl/IT_1184981_1476126_01072025101337_WEB.xml,Promoter Group,10500000,5.88,66750000,Equity Shares,10000000,5.6,27-Jun-2025,27-Jun-2025,30-Jun-2025,Gift,-,NA,-
360ONE,360 ONE WAM LIMITED,7(2),Nikunj Kedia,01-Jul-2025 20:43,1184978,,0,0,0,0,Equity Shares,20000,546304,Sell,-,https://nsearchives.nseindia.com/corporate/xbrl/IT_1184978_1476111_01072025084320_WEB.xml,Employees/Designated Employees,71948,0,23891724,Equity Shares,51948,0.01,27-Jun-2025,27-Jun-2025,30-Jun-2025,Market Sale,-,NSE,-
360ONE,360 ONE WAM LIMITED,7(2),Chetan Naik,01-Jul-2025 20:43,1184978,,0,0,0,0,Equity Shares,2000,546302,Sell,-,https://nsearchives.nseindia.com/corporate/xbrl/IT_1184978_1476111_01072025084320_WEB.xml,Employees/Designated Employees,2000,0,2400500,Equity Shares,Nil,0,30-Jun-2025,30-Jun-2025,30-Jun-2025,Market Sale,-,NSE,-
360ONE,360 ONE WAM LIMITED,7(2),Vipul Gala,01-Jul-2025 20:43,1184978,,0,0,0,0,Equity Shares,1428,546303,Sell,-,https://nsearchives.nseindia.com/corporate/xbrl/IT_1184978_1476111_01072025084320_WEB.xml,Employees/Designated Employees,12128,0,1633916,Equity Shares,10700,0,11-Jun-2025,30-Jun-2025,30-Jun-2025,Market Sale,-,NSE,-
360ONE,360 ONE WAM LIMITED,7(2),Atul Shah,01-Jul-2025 20:43,1184978,,0,0,0,0,Equity Shares,1000,546301,Sell,-,https://nsearchives.nseindia.com/corporate/xbrl/IT_1184978_1476111_01072025084320_WEB.xml,Employees/Designated Employees,2690,0,1200000,Equity Shares,1690,0,27-Jun-2025,27-Jun-2025,30-Jun-2025,Market Sale,-,NSE,-
MOSCHIP,Moschip Technologies Limited,7(2),Venkata Sudhakar Simhadri,01-Jul-2025 20:10,1184977,,0,0,0,0,Equity Shares,63000,546299,Sell,-,https://nsearchives.nseindia.com/corporate/xbrl/IT_1184977_1476102_01072025081052_WEB.xml,Immediate relative,4958823,2.58,11577700,Equity Shares,4895823,2.55,23-Jun-2025,30-Jun-2025,01-Jul-2025,Market Sale,-,BSE,-
ROHLTD,Royal Orchid Hotels Limited,7(2),Chander K. Baljee,01-Jul-2025 19:39,1184974,,0,0,0,0,Equity Shares,5183,546294,Buy,-,https://nsearchives.nseindia.com/corporate/xbrl/IT_1184974_1476083_01072025073930_WEB.xml,Key Managerial Personnel,10676852,38.93,1998225,Equity Shares,10682035,38.95,30-Jun-2025,30-Jun-2025,01-Jul-2025,Market Purchase,-,NSE,-
AAVAS,Aavas Financiers Limited,7(2),"Partners Group Private Equity (Master Fund), LLC",01-Jul-2025 19:38,1184973,,0,0,0,0,Equity Shares,2623753,546293,Sell,-,https://nsearchives.nseindia.com/corporate/xbrl/IT_1184973_1476080_01072025073855_WEB.xml,Promoter Group,2623753,3.31,4289836155,Equity Shares,Nil,0,30-Jun-2025,30-Jun-2025,01-Jul-2025,Off Market,-,NA,-
AAVAS,Aavas Financiers Limited,7(2),Partners Group ESCL Limited,01-Jul-2025 19:31,1184970,,0,0,0,0,Equity Shares,5978718,546290,Sell,-,https://nsearchives.nseindia.com/corporate/xbrl/IT_1184970_1476073_01072025073138_WEB.xml,Promoters,5978718,7.55,9775203930,Equity Shares,Nil,0,30-Jun-2025,30-Jun-2025,01-Jul-2025,Off Market,-,NA,-
KIRLPNU,Kirloskar Pneumatic Company Limited,7(2),Suresh Ramchandra Chavan,01-Jul-2025 19:26,1184968,,0,0,0,0,Equity Shares,1000,546288,Sell,-,https://nsearchives.nseindia.com/corporate/xbrl/IT_1184968_1476064_01072025072628_WEB.xml,-,4050,0.01,1366563,Equity Shares,3050,0,24-Jun-2025,24-Jun-2025,28-Jun-2025,Market Sale,-,BSE,-
AAVAS,Aavas Financiers Limited,7(2),Lake District Holdings Limited,01-Jul-2025 19:25,1184967,,0,0,0,0,Equity Shares,12346641,546286,Sell,-,https://nsearchives.nseindia.com/corporate/xbrl/IT_1184967_1476061_01072025072552_WEB.xml,Promoters,12346641,15.6,20186758035,Equity Shares,Nil,0,30-Jun-2025,30-Jun-2025,01-Jul-2025,Off Market,-,NA,-
AAVAS,Aavas Financiers Limited,7(2),Partners Group ESCL Limited,01-Jul-2025 19:25,1184967,,0,0,0,0,Equity Shares,5978718,546287,Sell,-,https://nsearchives.nseindia.com/corporate/xbrl/IT_1184967_1476061_01072025072552_WEB.xml,Promoters,5978718,7.55,-,Equity Shares,Nil,0,30-Jun-2025,30-Jun-2025,30-Jun-2025,Off Market,-,NA,-
PARAS,Paras Defence And Space Technologies Limited,7(2),Anish Hemant Mehta,01-Jul-2025 19:00,1184964,,0,0,0,0,Equity Shares,31250,546280,Sell,-,https://nsearchives.nseindia.com/corporate/xbrl/IT_1184964_1476030_01072025070030_WEB.xml,Promoter Group,1203471,2.99,50200281,Equity Shares,1172221,2.91,30-Jun-2025,30-Jun-2025,30-Jun-2025,Market Sale,-,NSE,-
PARAS,Paras Defence And Space Technologies Limited,7(2),Kaajal Harsh Bhansali,01-Jul-2025 19:00,1184964,,0,0,0,0,Equity Shares,31250,546279,Sell,-,https://nsearchives.nseindia.com/corporate/xbrl/IT_1184964_1476030_01072025070030_WEB.xml,Promoter Group,1203581,2.99,50212191,Equity Shares,1172331,2.91,30-Jun-2025,30-Jun-2025,30-Jun-2025,Market Sale,-,NSE,-
PARAS,Paras Defence And Space Technologies Limited,7(2),Sharad Virji Shah,01-Jul-2025 19:00,1184964,,0,0,0,0,Equity Shares,156250,546278,Sell,-,https://nsearchives.nseindia.com/corporate/xbrl/IT_1184964_1476030_01072025070030_WEB.xml,Promoters,6374840,15.82,250933813,Equity Shares,6218590,15.43,30-Jun-2025,30-Jun-2025,30-Jun-2025,Market Sale,-,NSE,-
PARAS,Paras Defence And Space Technologies Limited,7(2),Amit Navin Mahajan,01-Jul-2025 19:00,1184964,,0,0,0,0,Equity Shares,15625,546282,Sell,-,https://nsearchives.nseindia.com/corporate/xbrl/IT_1184964_1476030_01072025070030_WEB.xml,-,591565,1.47,25126177,Equity Shares,575940,1.43,30-Jun-2025,30-Jun-2025,30-Jun-2025,Market Sale,-,NSE,-
PARAS,Paras Defence And Space Technologies Limited,7(2),Shilpa Amit Mahajan,01-Jul-2025 19:00,1184964,,0,0,0,0,Equity Shares,15625,546281,Sell,-,https://nsearchives.nseindia.com/corporate/xbrl/IT_1184964_1476030_01072025070030_WEB.xml,Director,591700,1.47,25112844,Equity Shares,576075,1.43,30-Jun-2025,30-Jun-2025,30-Jun-2025,Market Sale,-,NSE,-
ECLERX,eClerx Services Limited,7(2),Eclerx Employee Welfare Trust,01-Jul-2025 18:45,1184962,,0,0,0,0,Equity Shares,2000,546272,Sell,-,https://nsearchives.nseindia.com/corporate/xbrl/IT_1184962_1476003_01072025064531_WEB.xml,Other,661905,1.38,6913535,Equity Shares,659905,1.38,30-Jun-2025,30-Jun-2025,01-Jul-2025,Market Sale,-,NSE,-
SMSPHARMA,SMS Pharmaceuticals Limited,7(2),POTLURI INFRA PROJECTS LLP,01-Jul-2025 18:38,1184960,,0,0,0,0,Equity Shares,7346420,546269,Pledge,-,https://nsearchives.nseindia.com/corporate/xbrl/IT_1184960_1475994_01072025063843_WEB.xml,Promoter Group,8846420,9.98,1826320012,Equity Shares,8846420,9.98,30-Jun-2025,30-Jun-2025,30-Jun-2025,Pledge Creation,-,NA,-
SMSPHARMA,SMS Pharmaceuticals Limited,7(2),Potluri Laboratories Private Limited,01-Jul-2025 18:38,1184960,,0,0,0,0,Equity Shares,1120320,546268,Pledge,-,https://nsearchives.nseindia.com/corporate/xbrl/IT_1184960_1475994_01072025063843_WEB.xml,Promoter Group,1120320,1.26,0,Equity Shares,1120320,1.26,30-Jun-2025,30-Jun-2025,30-Jun-2025,Others,-,NA,-
SMSPHARMA,SMS Pharmaceuticals Limited,7(2),POTLURI INFRA PROJECTS LLP,01-Jul-2025 18:38,1184960,,0,0,0,0,Equity Shares,7346420,546267,Pledge,-,https://nsearchives.nseindia.com/corporate/xbrl/IT_1184960_1475994_01072025063843_WEB.xml,Promoter Group,8846420,9.98,0,Equity Shares,8846420,9.98,30-Jun-2025,30-Jun-2025,30-Jun-2025,Others,-,NA,-
SMSPHARMA,SMS Pharmaceuticals Limited,7(2),Potluri Laboratories Private Limited,01-Jul-2025 18:38,1184960,,0,0,0,0,Equity Shares,1120320,546270,Pledge,-,https://nsearchives.nseindia.com/corporate/xbrl/IT_1184960_1475994_01072025063843_WEB.xml,Promoter Group,1120320,1.26,278511552,Equity Shares,1120320,1.26,30-Jun-2025,30-Jun-2025,30-Jun-2025,Pledge Creation,-,NA,-
SALASAR,Salasar Techno Engineering Limited,7(2),ALOK KUMAR,01-Jul-2025 18:22,1184958,,0,0,0,0,Equity Shares,50000,546261,Sell,-,https://nsearchives.nseindia.com/corporate/xbrl/IT_1184958_1475967_01072025062226_WEB.xml,Promoters,52451088,3.04,400000,Equity Shares,52401088,3.03,25-Jun-2025,25-Jun-2025,27-Jun-2025,Market Sale,-,NSE,-
SALASAR,Salasar Techno Engineering Limited,7(2),BASE ENGINEERING LLP,01-Jul-2025 18:22,1184958,,0,0,0,0,Equity Shares,240898,546262,Sell,-,https://nsearchives.nseindia.com/corporate/xbrl/IT_1184958_1475967_01072025062226_WEB.xml,Promoter Group,7635473,0.44,1927184,Equity Shares,7394575,0.43,25-Jun-2025,25-Jun-2025,27-Jun-2025,Market Sale,-,NSE,-
SALASAR,Salasar Techno Engineering Limited,7(2),SHIKHAR FABTECH PVT LTD,01-Jul-2025 18:22,1184958,,0,0,0,0,Equity Shares,113984,546260,Sell,-,https://nsearchives.nseindia.com/corporate/xbrl/IT_1184958_1475967_01072025062226_WEB.xml,Promoter Group,65783329,3.81,911872,Equity Shares,65669345,3.8,25-Jun-2025,26-Jun-2025,27-Jun-2025,Market Sale,-,NSE,-
SICALLOG,Sical Logistics Limited,7(2),Pristine Malwa Logistics Park Private Limited,01-Jul-2025 18:17,1184957,,0,0,0,0,Equity Shares,82216,546259,Sell,-,https://nsearchives.nseindia.com/corporate/xbrl/IT_1184957_1475962_01072025061749_WEB.xml,Promoters,58724172,90,9235873,Equity Shares,58641956,89.87,23-Jun-2025,30-Jun-2025,01-Jul-2025,Market Sale,-,NSE,-
AARTIPHARM,Aarti Pharmalabs Limited,7(2),Nikhil Parimal Desai,01-Jul-2025 17:44,1184954,,0,0,0,0,Equity Shares,15000,546257,Sell,-,https://nsearchives.nseindia.com/corporate/xbrl/IT_1184954_1475909_01072025054409_WEB.xml,Promoter Group,696754,0.77,12945574,Equity Shares,681754,0.75,29-Jun-2025,30-Jun-2025,01-Jul-2025,Market Sale,-,NA,-
AARTIPHARM,Aarti Pharmalabs Limited,7(2),ORCHID FAMILY TRUST (Relacion Trusteeship Services Private Limited),01-Jul-2025 17:44,1184954,,0,0,0,0,Equity Shares,60000,546256,Sell,-,https://nsearchives.nseindia.com/corporate/xbrl/IT_1184954_1475909_01072025054409_WEB.xml,Promoters,530000,0.58,52406268,Equity Shares,470000,0.51,29-Jun-2025,30-Jun-2025,01-Jul-2025,Market Sale,-,NA,-
AKSHOPTFBR,Aksh Optifibre Limited,7(2),Dr. Kailash Shantilal Choudhari,01-Jul-2025 17:43,1184953,,0,0,0,0,Equity Shares,75000,546255,Sell,-,https://nsearchives.nseindia.com/corporate/xbrl/IT_1184953_1475907_01072025054356_WEB.xml,Promoters,5371890,3.3,695148,Equity Shares,5296890,3.25,30-Jun-2025,30-Jun-2025,01-Jul-2025,Market Sale,-,NSE,-
AFFLE,Affle 3i Limited,7(2),MANISH KHURANA,01-Jul-2025 17:35,1184950,,0,0,0,0,Equity Shares,75,546251,Sell,-,https://nsearchives.nseindia.com/corporate/xbrl/IT_1184950_1475879_01072025053534_WEB.xml,Other,675,0,150750,Equity Shares,600,0,30-Jun-2025,30-Jun-2025,30-Jun-2025,Market Sale,-,NSE,-
NAUKRI,Info Edge (India) Limited,7(2),Mayank Maheshwari,01-Jul-2025 17:31,1184948,,0,0,0,0,Equity Shares,300,546248,Sell,-,https://nsearchives.nseindia.com/corporate/xbrl/IT_1184948_1475874_01072025053129_WEB.xml,Employees/Designated Employees,9005,0,455400,Equity Shares,8705,0,27-Jun-2025,30-Jun-2025,30-Jun-2025,Market Sale,-,NSE,-
NAUKRI,Info Edge (India) Limited,7(2),Rinchan Gupta,01-Jul-2025 17:31,1184948,,0,0,0,0,Equity Shares,5000,546249,Sell,-,https://nsearchives.nseindia.com/corporate/xbrl/IT_1184948_1475874_01072025053129_WEB.xml,Employees/Designated Employees,52788,0.01,7426650,Equity Shares,47788,0.01,30-Jun-2025,30-Jun-2025,30-Jun-2025,Market Sale,-,NSE,-
NAUKRI,Info Edge (India) Limited,7(2),Info Edge Employees Stock Option Plan Trust,01-Jul-2025 17:31,1184948,,0,0,0,0,Equity Shares,13563,546247,Sell,-,https://nsearchives.nseindia.com/corporate/xbrl/IT_1184948_1475874_01072025053129_WEB.xml,Other,592837,0.09,27126,Equity Shares,579274,0.09,30-Jun-2025,30-Jun-2025,30-Jun-2025,ESOP,-,NA,-
BLISSGVS,Bliss GVS Pharma Limited,7(2),Gagan Harsh Sharma,01-Jul-2025 17:16,1184945,,0,0,0,0,Equity Shares,24819,546239,Buy,-,https://nsearchives.nseindia.com/corporate/xbrl/IT_1184945_1475844_01072025051618_WEB.xml,Promoters,172515,0.16,3688529,Equity Shares,197334,0.18,26-Jun-2025,26-Jun-2025,27-Jun-2025,Market Purchase,-,BSE,-
BLISSGVS,Bliss GVS Pharma Limited,7(2),Gagan Harsh Sharma,01-Jul-2025 17:16,1184945,,0,0,0,0,Equity Shares,2666,546238,Buy,-,https://nsearchives.nseindia.com/corporate/xbrl/IT_1184945_1475844_01072025051618_WEB.xml,Promoters,197334,0.18,421228,Equity Shares,200000,0.19,27-Jun-2025,27-Jun-2025,30-Jun-2025,Market Purchase,-,BSE,-
BLISSGVS,Bliss GVS Pharma Limited,7(2),Gagan Harsh Sharma,01-Jul-2025 17:16,1184945,,0,0,0,0,Equity Shares,7500,546240,Buy,-,https://nsearchives.nseindia.com/corporate/xbrl/IT_1184945_1475844_01072025051618_WEB.xml,Promoters,165015,0.16,1116000,Equity Shares,172515,0.16,25-Jun-2025,25-Jun-2025,27-Jun-2025,Market Purchase,-,BSE,-
INDOSTAR,IndoStar Capital Finance Limited,7(2),Arvind Sharma,01-Jul-2025 17:02,1184943,,0,0,0,0,Equity Shares,350,546234,Sell,-,https://nsearchives.nseindia.com/corporate/xbrl/IT_1184943_1475823_01072025050235_WEB.xml,-,350,0,123285,Equity Shares,Nil,0,30-Jun-2025,30-Jun-2025,30-Jun-2025,Market Sale,-,NSE,-
INDOSTAR,IndoStar Capital Finance Limited,7(2),Amit Kothari,01-Jul-2025 17:02,1184943,,0,0,0,0,Equity Shares,2823,546233,Sell,-,https://nsearchives.nseindia.com/corporate/xbrl/IT_1184943_1475823_01072025050235_WEB.xml,-,7323,0,1010133,Equity Shares,4500,0,30-Jun-2025,30-Jun-2025,01-Jul-2025,Market Sale,-,NSE,-
INDOSTAR,IndoStar Capital Finance Limited,7(2),Chinmay Orpe,01-Jul-2025 17:02,1184943,,0,0,0,0,Equity Shares,1000,546232,Sell,-,https://nsearchives.nseindia.com/corporate/xbrl/IT_1184943_1475823_01072025050235_WEB.xml,-,1000,0,345919,Equity Shares,Nil,0,27-Jun-2025,27-Jun-2025,29-Jun-2025,Market Sale,-,BSE,-
JINDALSAW,Jindal Saw Limited,7(2),Samruddhi Employees Trust,01-Jul-2025 16:46,1184941,,0,0,0,0,Equity Shares,31341,546228,Sell,-,https://nsearchives.nseindia.com/corporate/xbrl/IT_1184941_1475790_01072025044653_WEB.xml,-,2373988,0.37,1118873,Equity Shares,2342647,0.36,25-Jun-2025,25-Jun-2025,25-Jun-2025,Off Market,-,NA,-
GEEKAYWIRE,Geekay Wires Limited,7(2),RENU KANDOI,01-Jul-2025 16:46,1184940,,0,0,0,0,Equity Shares,14000,546227,Buy,-,https://nsearchives.nseindia.com/corporate/xbrl/IT_1184940_1475788_01072025044604_WEB.xml,Immediate relative,2652866,5.08,994930,Equity Shares,2666866,5.1,30-Jun-2025,30-Jun-2025,01-Jul-2025,Market Purchase,-,NSE,-
SOLARA,Solara Active Pharma Sciences Limited,7(2),Poorvank Purohit,01-Jul-2025 16:43,1184937,,0,0,0,0,Equity Shares,10000,546224,Sell,-,https://nsearchives.nseindia.com/corporate/xbrl/IT_1184937_1475780_01072025044323_WEB.xml,Other,144177,0.3,6318800,Equity Shares,134177,0.28,30-Jun-2025,30-Jun-2025,30-Jun-2025,Market Sale,-,NSE,-
SOLARA,Solara Active Pharma Sciences Limited,7(2),Poorvank Purohit,01-Jul-2025 16:37,1184935,,0,0,0,0,Equity Shares,4823,546222,Sell,-,https://nsearchives.nseindia.com/corporate/xbrl/IT_1184935_1475772_01072025043735_WEB.xml,Other,149000,0.31,2954955,Equity Shares,144177,0.3,25-Jun-2025,25-Jun-2025,27-Jun-2025,Market Sale,-,NSE,-
SHAILY,Shaily Engineering Plastics Limited,7(2),HIREN KESHAVJIBHAI RAMANI,01-Jul-2025 16:24,1184932,,0,0,0,0,Equity Shares,250,546220,Sell,-,https://nsearchives.nseindia.com/corporate/xbrl/IT_1184932_1475738_01072025042408_WEB.xml,-,3750,0,1700,Equity Shares,3500,0,26-Jun-2025,26-Jun-2025,30-Jun-2025,Market Sale,-,NSE,-
KPITTECH,KPIT Technologies Limited,7(2),KPIT TECHNOLOGIES LIMITED EMPLOYEES WELFARE TRUST,01-Jul-2025 16:23,1184930,,0,0,0,0,Equity Shares,468,546218,Sell,-,https://nsearchives.nseindia.com/corporate/xbrl/IT_1184930_1475730_01072025042302_WEB.xml,Other,2229151,0.81,603802,Equity Shares,2228683,0.81,25-Jun-2025,25-Jun-2025,27-Jun-2025,ESOP,-,NSE,-
KPITTECH,KPIT Technologies Limited,7(2),Akshay Kanetkar,01-Jul-2025 16:17,1184928,,0,0,0,0,Equity Shares,3400,546216,Sell,-,https://nsearchives.nseindia.com/corporate/xbrl/IT_1184928_1475722_01072025041748_WEB.xml,Employees/Designated Employees,4176,0,4340100,Equity Shares,776,0,26-Jun-2025,26-Jun-2025,28-Jun-2025,Market Sale,-,NSE,-
SUNREST,Sunrest Lifescience Limited,7(2),BHAGYESHKIRITBHAIPAREKH,01-Jul-2025 16:10,1184926,,0,0,0,0,Equity Shares,48000,546214,Sell,-,https://nsearchives.nseindia.com/corporate/xbrl/IT_1184926_1475709_01072025041045_WEB.xml,Promoters,675000,15.73,2422240,Equity Shares,627000,14.61,30-Jun-2025,30-Jun-2025,01-Jul-2025,Market Sale,-,MSEI,-
FUSION,Fusion Finance Limited,7(2),Md Modaswer Hossain,01-Jul-2025 15:44,1184924,,0,0,0,0,Equity Shares,4000,546211,Sell,-,https://nsearchives.nseindia.com/corporate/xbrl/IT_1184924_1475679_01072025034413_WEB.xml,-,32650,0.02,835000,Equity Shares,28650,0.02,27-Jun-2025,27-Jun-2025,30-Jun-2025,Market Sale,-,NSE,-
FUSION,Fusion Finance Limited,7(2),Devesh Sachdev,01-Jul-2025 15:44,1184924,,0,0,0,0,Equity Shares,207830,546210,Sell,-,https://nsearchives.nseindia.com/corporate/xbrl/IT_1184924_1475679_01072025034413_WEB.xml,Promoters,4941314,3.05,43328398,Equity Shares,4733484,2.92,27-Jun-2025,27-Jun-2025,30-Jun-2025,Market Sale,-,NSE,-
FUSION,Fusion Finance Limited,7(2),Kamal Kumar Kaushik,01-Jul-2025 15:44,1184924,,0,0,0,0,Equity Shares,3500,546209,Sell,-,https://nsearchives.nseindia.com/corporate/xbrl/IT_1184924_1475679_01072025034413_WEB.xml,-,16000,0.01,706045,Equity Shares,12500,0.01,27-Jun-2025,30-Jun-2025,30-Jun-2025,Market Sale,-,NSE,-
FUSION,Fusion Finance Limited,7(2),Mini Sachdev,01-Jul-2025 15:44,1184924,,0,0,0,0,Equity Shares,100000,546212,Sell,-,https://nsearchives.nseindia.com/corporate/xbrl/IT_1184924_1475679_01072025034413_WEB.xml,Promoter Group,209500,0.13,20800000,Equity Shares,109500,0.07,27-Jun-2025,27-Jun-2025,30-Jun-2025,Market Sale,-,NSE,-
RILINFRA,Rachana Infrastructure Limited,7(2),GIRISHKUMAR OCHCHHAVLAL RAVAL,01-Jul-2025 15:34,1184922,,0,0,0,0,Equity Shares,3100,546204,Buy,-,https://nsearchives.nseindia.com/corporate/xbrl/IT_1184922_1475671_01072025033458_WEB.xml,Promoters,5886981,31.64,128278,Equity Shares,5890081,31.66,30-Jun-2025,30-Jun-2025,01-Jul-2025,Market Purchase,-,NSE,-
EIEL,Enviro Infra Engineers Limited,7(2),Sanjay Jain,01-Jul-2025 15:28,1184920,,0,0,0,0,Equity Shares,34316,546202,Buy,-,https://nsearchives.nseindia.com/corporate/xbrl/IT_1184920_1475659_01072025032824_WEB.xml,Promoters,48911211,27.86,235,Equity Shares,48945527,27.88,30-Jun-2025,30-Jun-2025,01-Jul-2025,Market Purchase,-,NSE,-
INTLCONV,International Conveyors Limited,7(2),Elpro International Limited,01-Jul-2025 15:04,1184918,,0,0,0,0,Equity Shares,20000,546200,Buy,-,https://nsearchives.nseindia.com/corporate/xbrl/IT_1184918_1475638_01072025030404_WEB.xml,Promoter Group,856770,1.35,1891564,Equity Shares,876770,1.38,27-Jun-2025,27-Jun-2025,30-Jun-2025,Market Purchase,-,NSE,-
ANUP,The Anup Engineering Limited,7(2),PRAVIN N. BHAGWATI,01-Jul-2025 15:01,1184917,,0,0,0,0,Equity Shares,835,546197,Buy,-,https://nsearchives.nseindia.com/corporate/xbrl/IT_1184917_1475632_01072025030133_WEB.xml,Immediate relative,68000,0.34,2265904,Equity Shares,68835,0.34,27-Jun-2025,27-Jun-2025,28-Jun-2025,Market Purchase,-,NSE,-
ANUP,The Anup Engineering Limited,7(2),BHAGWATI SPHEROCAST PVT LTD,01-Jul-2025 15:01,1184917,,0,0,0,0,Equity Shares,195,546198,Buy,-,https://nsearchives.nseindia.com/corporate/xbrl/IT_1184917_1475632_01072025030133_WEB.xml,Immediate relative,61000,0.3,509955,Equity Shares,61195,0.31,26-Jun-2025,26-Jun-2025,28-Jun-2025,Market Purchase,-,NSE,-
ANUP,The Anup Engineering Limited,7(2),BHAGWATI SPHEROCAST PVT LTD,01-Jul-2025 15:01,1184917,,0,0,0,0,Equity Shares,805,546199,Buy,-,https://nsearchives.nseindia.com/corporate/xbrl/IT_1184917_1475632_01072025030133_WEB.xml,Immediate relative,61195,0.31,2179226,Equity Shares,62000,0.31,27-Jun-2025,27-Jun-2025,28-Jun-2025,Market Purchase,-,NSE,-
ANUP,The Anup Engineering Limited,7(2),PRAVIN N. BHAGWATI,01-Jul-2025 15:01,1184917,,0,0,0,0,Equity Shares,1000,546196,Buy,-,https://nsearchives.nseindia.com/corporate/xbrl/IT_1184917_1475632_01072025030133_WEB.xml,Immediate relative,67000,0.33,2614730,Equity Shares,68000,0.34,26-Jun-2025,26-Jun-2025,28-Jun-2025,Market Purchase,-,NSE,-
QUESTLAB,Quest Laboratories Limited,7(2),Anil Kumar Sabarwal,01-Jul-2025 13:21,1184914,,0,0,0,0,Equity Shares,69600,546190,Buy,-,https://nsearchives.nseindia.com/corporate/xbrl/IT_1184914_1475561_01072025012103_WEB.xml,Promoters,10221250,62.37,94,Equity Shares,10290850,62.8,30-Jun-2025,30-Jun-2025,30-Jun-2025,Market Purchase,-,NSE,-
PUNJABCHEM,Punjab Chemicals & Crop Protection Limited,7(2),Avtar Singh-HUF,01-Jul-2025 13:14,1184912,,0,0,0,0,Equity Shares,700,546188,Sell,-,https://nsearchives.nseindia.com/corporate/xbrl/IT_1184912_1475552_01072025011359_WEB.xml,Immediate relative,7200,0.06,865500,Equity Shares,6500,0.05,30-Jun-2025,30-Jun-2025,01-Jul-2025,Market Sale,-,NSE,-
ALMONDZ,Almondz Global Securities Limited,7(2),Avonmore Capital & Management Services Ltd,01-Jul-2025 12:50,1184911,,0,0,0,0,Equity Shares,200000,546186,Buy,-,https://nsearchives.nseindia.com/corporate/xbrl/IT_1184911_1475537_01072025125015_WEB.xml,Promoters,87208454,50.22,4963057,Equity Shares,87408454,50.33,30-Jun-2025,30-Jun-2025,30-Jun-2025,Market Purchase,-,NSE,-
ALMONDZ,Almondz Global Securities Limited,7(2),Avonmore Capital & Management Services Ltd,01-Jul-2025 12:50,1184911,,0,0,0,0,Equity Shares,200000,546185,Buy,-,https://nsearchives.nseindia.com/corporate/xbrl/IT_1184911_1475537_01072025125015_WEB.xml,Promoters,87008454,50.11,4430541,Equity Shares,87208454,50.22,27-Jun-2025,27-Jun-2025,30-Jun-2025,Market Purchase,-,NSE,-
KRISHANA,Krishana Phoschem Limited,7(2),NORATAN DEVI KANTHER,01-Jul-2025 12:36,1184909,,0,0,0,0,Equity Shares,3900,546182,Sell,-,https://nsearchives.nseindia.com/corporate/xbrl/IT_1184909_1475523_01072025123628_WEB.xml,Promoter Group,3900,0.01,1727616,Equity Shares,Nil,0,27-Jun-2025,27-Jun-2025,30-Jun-2025,Market Sale,-,NSE,-
KRISHANA,Krishana Phoschem Limited,7(2),NORATAN DEVI KANTHER,01-Jul-2025 12:25,1184907,,0,0,0,0,Equity Shares,3900,546180,Buy,-,https://nsearchives.nseindia.com/corporate/xbrl/IT_1184907_1475510_01072025122500_WEB.xml,Promoter Group,Nil,0,1652569,Equity Shares,3900,0.01,23-May-2025,26-Jun-2025,30-Jun-2025,Market Purchase,-,NSE,-
DBCORP,D.B.Corp Limited,7(2),D B Power Limited,01-Jul-2025 12:17,1184904,,0,0,0,0,Equity Shares,4977,546178,Buy,-,https://nsearchives.nseindia.com/corporate/xbrl/IT_1184904_1475499_01072025121720_WEB.xml,Promoter Group,956123,0.54,1387983,Equity Shares,961100,0.54,30-Jun-2025,30-Jun-2025,30-Jun-2025,Market Purchase,-,NSE,-
DBCORP,D.B.Corp Limited,7(2),D B Power Limited,01-Jul-2025 12:17,1184904,,0,0,0,0,Equity Shares,123,546177,Buy,-,https://nsearchives.nseindia.com/corporate/xbrl/IT_1184904_1475499_01072025121720_WEB.xml,Promoter Group,956000,0.54,33684,Equity Shares,956123,0.54,27-Jun-2025,27-Jun-2025,28-Jun-2025,Market Purchase,-,NSE,-
IDEAFORGE,Ideaforge Technology Limited,7(2),Ezhilan Nanmaran,01-Jul-2025 11:55,1184902,,0,0,0,0,Equity Shares,10396,546174,Sell,-,https://nsearchives.nseindia.com/corporate/xbrl/IT_1184902_1475483_01072025115500_WEB.xml,-,23532,0.05,6123452,Equity Shares,13136,0.03,30-Jun-2025,30-Jun-2025,30-Jun-2025,Market Sale,-,NSE,-
IDEAFORGE,Ideaforge Technology Limited,7(2),Ezhilan Nanmaran,01-Jul-2025 11:55,1184902,,0,0,0,0,Equity Shares,10396,546173,Pledge Revoke,-,https://nsearchives.nseindia.com/corporate/xbrl/IT_1184902_1475483_01072025115500_WEB.xml,-,23532,0.05,6123452,Equity Shares,23532,0.05,30-Jun-2025,30-Jun-2025,30-Jun-2025,Revokation of Pledge,-,NA,-
UGARSUGAR,The Ugar Sugar Works Limited,7(2),CHANDAN SANJEEV SHIRGAOKAR,01-Jul-2025 11:08,1184899,,0,0,0,0,Equity Shares,197221,546167,Buy,-,https://nsearchives.nseindia.com/corporate/xbrl/IT_1184899_1475445_01072025110823_WEB.xml,Promoters,2049613,1.82,9688659,Equity Shares,2246834,1.99,30-Jun-2025,30-Jun-2025,01-Jul-2025,Market Purchase,-,NSE,-
MASTERTR,Master Trust Limited,7(2),RAJINDER KUMAR SINGHANIA,01-Jul-2025 10:58,1184897,,0,0,0,0,Equity Shares,1825000,546165,Sell,-,https://nsearchives.nseindia.com/corporate/xbrl/IT_1184897_1475436_01072025105851_WEB.xml,Promoters,25803570,22.98,266906250,Equity Shares,23978570,21.36,27-Jun-2025,27-Jun-2025,30-Jun-2025,-,-,NA,-
MASTERTR,Master Trust Limited,7(2),HARNEESH KAUR ARORA,01-Jul-2025 10:58,1184897,,0,0,0,0,Equity Shares,1825000,546164,Sell,-,https://nsearchives.nseindia.com/corporate/xbrl/IT_1184897_1475436_01072025105851_WEB.xml,Promoters,12150100,10.82,266924500,Equity Shares,10325100,9.2,27-Jun-2025,27-Jun-2025,30-Jun-2025,-,-,NA,-
DLINKINDIA,D-Link (India) Limited,7(2),MUKESH TIRTHDAS LULLA,01-Jul-2025 10:35,1184895,,0,0,0,0,Equity Shares,20635,546161,Sell,-,https://nsearchives.nseindia.com/corporate/xbrl/IT_1184895_1475426_01072025103531_WEB.xml,Director,2065594,5.82,11293562,Equity Shares,2044959,5.76,30-Jun-2025,30-Jun-2025,01-Jul-2025,Market Sale,-,NSE,-
SWSOLAR,Sterling and Wilson Renewable Energy Limited,7(2),Shapoorji Pallonji And Company Private Limited,30-Jun-2025 23:41,1184893,,0,0,0,0,Equity Shares,16201291,546159,Pledge,-,https://nsearchives.nseindia.com/corporate/xbrl/IT_1184893_1475367_30062025114116_WEB.xml,Promoters,16201291,6.94,519328731,Equity Shares,16201291,6.94,25-Jun-2025,25-Jun-2025,27-Jun-2025,Pledge Creation,-,NA,-
SHK,S H Kelkar and Company Limited,7(2),Kedar Vaze,30-Jun-2025 23:20,1184891,,0,0,0,0,Equity Shares,221424,546157,Sell,-,https://nsearchives.nseindia.com/corporate/xbrl/IT_1184891_1475360_30062025112043_WEB.xml,Promoters,14281555,10.32,51932835,Equity Shares,14060131,10.16,30-Jun-2025,30-Jun-2025,30-Jun-2025,Market Sale,-,NSE,-
SHK,S H Kelkar and Company Limited,7(2),Kedar Vaze,30-Jun-2025 23:20,1184891,,0,0,0,0,Equity Shares,300000,546155,Sell,-,https://nsearchives.nseindia.com/corporate/xbrl/IT_1184891_1475360_30062025112043_WEB.xml,Promoters,14906555,10.77,71148873,Equity Shares,14606555,10.55,26-Jun-2025,26-Jun-2025,30-Jun-2025,Market Sale,-,NSE,-
SHK,S H Kelkar and Company Limited,7(2),Kedar Vaze,30-Jun-2025 23:20,1184891,,0,0,0,0,Equity Shares,325000,546156,Sell,-,https://nsearchives.nseindia.com/corporate/xbrl/IT_1184891_1475360_30062025112043_WEB.xml,Promoters,14606555,10.55,74937828,Equity Shares,14281555,10.32,27-Jun-2025,27-Jun-2025,30-Jun-2025,Market Sale,-,NSE,-
AFFLE,Affle 3i Limited,7(2),Kapil Mohan Bhutani,30-Jun-2025 22:43,1184889,,0,0,0,0,Equity Shares,5695,546151,Sell,-,https://nsearchives.nseindia.com/corporate/xbrl/IT_1184889_1475345_30062025104349_WEB.xml,Key Managerial Personnel,40510,0.01,11573410,Equity Shares,34815,0.01,30-Jun-2025,30-Jun-2025,30-Jun-2025,Market Sale,-,NSE,-
CENTUM,Centum Electronics Limited,7(2),Shivarudraswami M Yaradal,30-Jun-2025 22:36,1184887,,0,0,0,0,Equity Shares,401,546148,Sell,-,https://nsearchives.nseindia.com/corporate/xbrl/IT_1184887_1475339_30062025103600_WEB.xml,Employees/Designated Employees,6051,0.04,895433,Equity Shares,5650,0.03,26-May-2025,26-May-2025,28-May-2025,-,-,BSE,-
CENTUM,Centum Electronics Limited,7(2),Shivarudraswami M Yaradal,30-Jun-2025 22:36,1184887,,0,0,0,0,Equity Shares,300,546149,Sell,-,https://nsearchives.nseindia.com/corporate/xbrl/IT_1184887_1475339_30062025103600_WEB.xml,Employees/Designated Employees,5650,0.03,753600,Equity Shares,5350,0.03,27-Jun-2025,27-Jun-2025,29-Jun-2025,-,-,BSE,-
360ONE,360 ONE WAM LIMITED,7(2),Himadri Chatterjee,30-Jun-2025 22:08,1184884,,0,0,0,0,Equity Shares,83112,546143,Sell,-,https://nsearchives.nseindia.com/corporate/xbrl/IT_1184884_1475325_30062025100839_WEB.xml,Employees/Designated Employees,650411,0.16,99834262,Equity Shares,567299,0.16,27-Jun-2025,27-Jun-2025,27-Jun-2025,Market Sale,-,NSE,-
360ONE,360 ONE WAM LIMITED,7(2),Himadri Chatterjee,30-Jun-2025 22:08,1184884,,0,0,0,0,Equity Shares,61169,546145,Sell,-,https://nsearchives.nseindia.com/corporate/xbrl/IT_1184884_1475325_30062025100839_WEB.xml,Employees/Designated Employees,567299,0.14,73445447,Equity Shares,506130,0.13,30-Jun-2025,30-Jun-2025,30-Jun-2025,Market Sale,-,NSE,-
360ONE,360 ONE WAM LIMITED,7(2),Anup Maheshwari,30-Jun-2025 22:08,1184884,,0,0,0,0,Equity Shares,40000,546141,Sell,-,https://nsearchives.nseindia.com/corporate/xbrl/IT_1184884_1475325_30062025100839_WEB.xml,Employees/Designated Employees,247280,0.06,47850411,Equity Shares,207280,0.05,27-Jun-2025,27-Jun-2025,27-Jun-2025,Market Sale,-,NSE,-
360ONE,360 ONE WAM LIMITED,7(2),Jay Gandhi,30-Jun-2025 22:08,1184884,,0,0,0,0,Equity Shares,1000,546140,Sell,-,https://nsearchives.nseindia.com/corporate/xbrl/IT_1184884_1475325_30062025100839_WEB.xml,Employees/Designated Employees,4500,0.01,1161635,Equity Shares,3500,0,13-Jun-2025,25-Jun-2025,30-Jun-2025,Market Sale,-,NSE,-
360ONE,360 ONE WAM LIMITED,7(2),Mehul Jani,30-Jun-2025 22:08,1184884,,0,0,0,0,Equity Shares,19379,546144,Sell,-,https://nsearchives.nseindia.com/corporate/xbrl/IT_1184884_1475325_30062025100839_WEB.xml,Employees/Designated Employees,19379,0.01,22807133,Equity Shares,Nil,0,25-Jun-2025,25-Jun-2025,27-Jun-2025,Market Sale,-,NSE,-
360ONE,360 ONE WAM LIMITED,7(2),Pankaj Fitkariwala,30-Jun-2025 22:08,1184884,,0,0,0,0,Equity Shares,7074,546142,Sell,-,https://nsearchives.nseindia.com/corporate/xbrl/IT_1184884_1475325_30062025100839_WEB.xml,Employees/Designated Employees,100000,0.02,8481000,Equity Shares,92926,0.02,27-Jun-2025,27-Jun-2025,30-Jun-2025,Market Sale,-,NSE,-
LOKESHMACH,Lokesh Machines Limited,7(2),BOLLINENI KISHORE BABU,30-Jun-2025 19:34,1184882,,0,0,0,0,Equity Shares,79000,546132,Buy,-,https://nsearchives.nseindia.com/corporate/xbrl/IT_1184882_1475192_30062025073450_WEB.xml,Promoters,1145209,5.92,19216750,Equity Shares,1224209,6.2,26-Jun-2025,26-Jun-2025,27-Jun-2025,Conversion of security,-,NA,-
INOXWIND,Inox Wind Limited,7(2),Aryavardhan Trading LLP,30-Jun-2025 19:29,1184880,,0,0,0,0,Equity Shares,35243100,546125,Buy,-,https://nsearchives.nseindia.com/corporate/xbrl/IT_1184880_1475183_30062025072944_WEB.xml,Promoter Group,68200000,5.23,0,Equity Shares,103443100,6.37,24-Jun-2025,24-Jun-2025,26-Jun-2025,Scheme of Amalgamation/Merger/Demerger/Arrangement,-,NA,-
INOXWIND,Inox Wind Limited,7(2),Devansh Trademart LLP,30-Jun-2025 19:29,1184880,,0,0,0,0,Equity Shares,94337502,546126,Buy,-,https://nsearchives.nseindia.com/corporate/xbrl/IT_1184880_1475183_30062025072944_WEB.xml,Promoter Group,54681020,4.19,0,Equity Shares,149018522,9.18,24-Jun-2025,24-Jun-2025,26-Jun-2025,Scheme of Amalgamation/Merger/Demerger/Arrangement,-,NA,-
INOXWIND,Inox Wind Limited,7(2),Devendra Kumar Jain,30-Jun-2025 19:29,1184880,,0,0,0,0,Equity Shares,127032,546127,Buy,-,https://nsearchives.nseindia.com/corporate/xbrl/IT_1184880_1475183_30062025072944_WEB.xml,Promoter Group,Nil,0,0,Equity Shares,127032,0.01,24-Jun-2025,24-Jun-2025,26-Jun-2025,Scheme of Amalgamation/Merger/Demerger/Arrangement,-,NA,-
INOXWIND,Inox Wind Limited,7(2),Vivek Kumar Jain,30-Jun-2025 19:29,1184880,,0,0,0,0,Equity Shares,31882440,546128,Buy,-,https://nsearchives.nseindia.com/corporate/xbrl/IT_1184880_1475183_30062025072944_WEB.xml,Promoter Group,Nil,0,0,Equity Shares,31882440,1.96,24-Jun-2025,24-Jun-2025,26-Jun-2025,Scheme of Amalgamation/Merger/Demerger/Arrangement,-,NA,-
INOXWIND,Inox Wind Limited,7(2),Nandita Jain,30-Jun-2025 19:29,1184880,,0,0,0,0,Equity Shares,63200,546130,Buy,-,https://nsearchives.nseindia.com/corporate/xbrl/IT_1184880_1475183_30062025072944_WEB.xml,Promoter Group,Nil,0,0,Equity Shares,63200,0,24-Jun-2025,24-Jun-2025,26-Jun-2025,Scheme of Amalgamation/Merger/Demerger/Arrangement,-,NA,-
INOXWIND,Inox Wind Limited,7(2),Inox Leasing And Finance Ltd.,30-Jun-2025 19:29,1184880,,0,0,0,0,Equity Shares,367501806,546124,Buy,-,https://nsearchives.nseindia.com/corporate/xbrl/IT_1184880_1475183_30062025072944_WEB.xml,Promoters,65419044,5.02,0,Equity Shares,432920850,26.66,24-Jun-2025,24-Jun-2025,26-Jun-2025,Scheme of Amalgamation/Merger/Demerger/Arrangement,-,NA,-
INOXWIND,Inox Wind Limited,7(2),Devansh Jain,30-Jun-2025 19:29,1184880,,0,0,0,0,Equity Shares,63200,546129,Buy,-,https://nsearchives.nseindia.com/corporate/xbrl/IT_1184880_1475183_30062025072944_WEB.xml,Promoter Group,Nil,0,0,Equity Shares,63200,0,24-Jun-2025,24-Jun-2025,26-Jun-2025,Scheme of Amalgamation/Merger/Demerger/Arrangement,-,NA,-
LOKESHMACH,Lokesh Machines Limited,7(2),MULLAPUDI LOKESWARA RAO,30-Jun-2025 19:26,1184879,,0,0,0,0,Equity Shares,135450,546123,Buy,-,https://nsearchives.nseindia.com/corporate/xbrl/IT_1184879_1475173_30062025072632_WEB.xml,Promoters,820512,4.24,32948213,Equity Shares,955962,4.84,26-Jun-2025,26-Jun-2025,27-Jun-2025,Conversion of security,-,NA,-
JUBLFOOD,Jubilant Foodworks Limited,7(2),JFL Employees Welfare Trust,30-Jun-2025 19:25,1184877,,0,0,0,0,Equity Shares,10796,546121,Sell,-,https://nsearchives.nseindia.com/corporate/xbrl/IT_1184877_1475168_30062025072521_WEB.xml,Other,2203580,0.33,1461772,Equity Shares,2192784,0.33,26-Jun-2025,26-Jun-2025,27-Jun-2025,ESOP,-,NA,-
LOKESHMACH,Lokesh Machines Limited,7(2),MULLAPUDI SRINIVAS,30-Jun-2025 19:17,1184876,,0,0,0,0,Equity Shares,188590,546120,Buy,-,https://nsearchives.nseindia.com/corporate/xbrl/IT_1184876_1475156_30062025071735_WEB.xml,Promoters,2427415,12.54,45874518,Equity Shares,2616005,13.24,26-Jun-2025,26-Jun-2025,27-Jun-2025,Conversion of security,-,NA,-
MBAPL,Madhya Bharat Agro Products Limited,7(2),PREM SINGH KOTHARI,30-Jun-2025 19:00,1184872,,0,0,0,0,Equity Shares,1865,546110,Sell,-,https://nsearchives.nseindia.com/corporate/xbrl/IT_1184872_1475122_30062025070040_WEB.xml,Promoter Group,3260,0,628913,Equity Shares,1395,0,27-Jun-2025,27-Jun-2025,30-Jun-2025,Market Sale,-,NSE,-
MBAPL,Madhya Bharat Agro Products Limited,7(2),PREM SINGH KOTHARI,30-Jun-2025 18:42,1184870,,0,0,0,0,Equity Shares,2560,546108,Buy,-,https://nsearchives.nseindia.com/corporate/xbrl/IT_1184870_1475085_30062025064247_WEB.xml,Promoter Group,700,0,873460,Equity Shares,3260,0,20-May-2025,26-Jun-2025,30-Jun-2025,Market Purchase,-,NSE,-
DIVYADHAN,Divyadhan Recycling Industries Limited,7(2),VARUN GUPTA,30-Jun-2025 18:32,1184868,,0,0,0,0,Equity Shares,2000,546099,Buy,-,https://nsearchives.nseindia.com/corporate/xbrl/IT_1184868_1475064_30062025063255_WEB.xml,Promoters,4982798,34.83,109500,Equity Shares,4984798,34.84,30-Jun-2025,30-Jun-2025,30-Jun-2025,Market Purchase,-,NSE,-
DMART,Avenue Supermarts Limited,7(2),Jyoti Varun Kabra,30-Jun-2025 18:22,1184865,,0,0,0,0,Equity Shares,50000,546097,Buy,-,https://nsearchives.nseindia.com/corporate/xbrl/IT_1184865_1475040_30062025062232_WEB.xml,Promoter Group,16064812,2.47,0,Equity Shares,16114812,2.48,27-Jun-2025,27-Jun-2025,30-Jun-2025,Gift,-,NA,-
LALPATHLAB,Dr. Lal Path Labs Ltd.,7(2),Satish Kumar Singh,30-Jun-2025 18:13,1184863,,0,0,0,0,Equity Shares,263,546093,Buy,-,https://nsearchives.nseindia.com/corporate/xbrl/IT_1184863_1475023_30062025061344_WEB.xml,Employees/Designated Employees,1317,0,2630,Equity Shares,1580,0,12-Jun-2025,12-Jun-2025,30-Jun-2025,ESOP,-,NA,-
LALPATHLAB,Dr. Lal Path Labs Ltd.,7(2),Satish Kumar Singh,30-Jun-2025 18:13,1184863,,0,0,0,0,Equity Shares,300,546095,Sell,-,https://nsearchives.nseindia.com/corporate/xbrl/IT_1184863_1475023_30062025061344_WEB.xml,Employees/Designated Employees,1080,0,840900,Equity Shares,780,0,30-Jun-2025,30-Jun-2025,30-Jun-2025,Market Sale,-,NSE,-
LALPATHLAB,Dr. Lal Path Labs Ltd.,7(2),Satish Kumar Singh,30-Jun-2025 18:13,1184863,,0,0,0,0,Equity Shares,500,546094,Sell,-,https://nsearchives.nseindia.com/corporate/xbrl/IT_1184863_1475023_30062025061344_WEB.xml,Employees/Designated Employees,1580,0,1379000,Equity Shares,1080,0,27-Jun-2025,27-Jun-2025,30-Jun-2025,Market Sale,-,BSE,-
PLASTIBLEN,Plastiblends India Limited,7(2),SARITADEVI SATYANARAYAN KABRA,30-Jun-2025 18:11,1184862,,0,0,0,0,Equity Shares,1000000,546091,Sell,-,https://nsearchives.nseindia.com/corporate/xbrl/IT_1184862_1475016_30062025061133_WEB.xml,Promoters,3076936,11.84,0,Equity Shares,2076936,7.99,27-Jun-2025,27-Jun-2025,27-Jun-2025,Gift,-,-,-
PLASTIBLEN,Plastiblends India Limited,7(2),Jyoti Varun Kabra,30-Jun-2025 18:11,1184862,,0,0,0,0,Equity Shares,1000000,546092,Buy,-,https://nsearchives.nseindia.com/corporate/xbrl/IT_1184862_1475016_30062025061133_WEB.xml,Promoters,367556,1.41,0,Equity Shares,1367556,5.26,27-Jun-2025,27-Jun-2025,27-Jun-2025,Gift,-,-,-
INTLCONV,International Conveyors Limited,7(2),Elpro International Limited,30-Jun-2025 18:10,1184861,,0,0,0,0,Equity Shares,10751,546090,Buy,-,https://nsearchives.nseindia.com/corporate/xbrl/IT_1184861_1475008_30062025061032_WEB.xml,Promoter Group,846019,1.33,1008447,Equity Shares,856770,1.35,26-Jun-2025,26-Jun-2025,27-Jun-2025,Market Purchase,-,NSE,-
JINDRILL,Jindal Drilling And Industries Limited,7(2),RAGHAV JINDAL,30-Jun-2025 18:04,1184858,,0,0,0,0,Equity Shares,23200,546083,Buy,-,https://nsearchives.nseindia.com/corporate/xbrl/IT_1184858_1474990_30062025060459_WEB.xml,Promoters,169776,0.59,14925715,Equity Shares,192976,0.67,27-Jun-2025,27-Jun-2025,30-Jun-2025,Market Purchase,-,NSE,-
JINDRILL,Jindal Drilling And Industries Limited,7(2),RAGHAV JINDAL (HUF),30-Jun-2025 18:04,1184858,,0,0,0,0,Equity Shares,4700,546086,Buy,-,https://nsearchives.nseindia.com/corporate/xbrl/IT_1184858_1474990_30062025060459_WEB.xml,Promoter Group,13500,0.05,3009072,Equity Shares,18200,0.06,27-Jun-2025,27-Jun-2025,30-Jun-2025,Market Purchase,-,NSE,-
JINDRILL,Jindal Drilling And Industries Limited,7(2),DHARAM PAL JINDAL,30-Jun-2025 18:04,1184858,,0,0,0,0,Equity Shares,68750,546082,Buy,-,https://nsearchives.nseindia.com/corporate/xbrl/IT_1184858_1474990_30062025060459_WEB.xml,Promoters,69420,0.24,44358249,Equity Shares,138170,0.48,26-Jun-2025,27-Jun-2025,30-Jun-2025,Market Purchase,-,NSE,-
JINDRILL,Jindal Drilling And Industries Limited,7(2),SHRUTI RAGHAV JINDAL,30-Jun-2025 18:04,1184858,,0,0,0,0,Equity Shares,28850,546084,Buy,-,https://nsearchives.nseindia.com/corporate/xbrl/IT_1184858_1474990_30062025060459_WEB.xml,Promoter Group,32200,0.11,18456421,Equity Shares,61050,0.21,27-Jun-2025,27-Jun-2025,30-Jun-2025,Market Purchase,-,NSE,-
JINDRILL,Jindal Drilling And Industries Limited,7(2),DHARAM PAL JINDAL AND SONS,30-Jun-2025 18:04,1184858,,0,0,0,0,Equity Shares,10865,546085,Buy,-,https://nsearchives.nseindia.com/corporate/xbrl/IT_1184858_1474990_30062025060459_WEB.xml,Promoter Group,57300,0.2,6985370,Equity Shares,68165,0.24,25-Jun-2025,25-Jun-2025,27-Jun-2025,Market Purchase,-,NSE,-
KRISHANA,Krishana Phoschem Limited,7(2),PREM SINGH KOTHARI,30-Jun-2025 18:02,1184857,,0,0,0,0,Equity Shares,2950,546081,Sell,-,https://nsearchives.nseindia.com/corporate/xbrl/IT_1184857_1474979_30062025060248_WEB.xml,Promoter Group,3553,0.01,1229076,Equity Shares,603,0,27-Jun-2025,27-Jun-2025,30-Jun-2025,Market Sale,-,NSE,-
JINDRILL,Jindal Drilling And Industries Limited,7(2),Crishpark Vincom Ltd,30-Jun-2025 17:56,1184853,,0,0,0,0,Equity Shares,140000,546069,Sell,-,https://nsearchives.nseindia.com/corporate/xbrl/IT_1184853_1474969_30062025055640_WEB.xml,Promoter Group,3150000,10.87,89847369,Equity Shares,3010000,10.39,26-Jun-2025,27-Jun-2025,30-Jun-2025,Market Sale,-,NSE,-
KRISHANA,Krishana Phoschem Limited,7(2),PREM SINGH KOTHARI,30-Jun-2025 17:54,1184852,,0,0,0,0,Equity Shares,3553,546068,Buy,-,https://nsearchives.nseindia.com/corporate/xbrl/IT_1184852_1474961_30062025055450_WEB.xml,Promoter Group,Nil,0,1417014,Equity Shares,3553,0.01,21-May-2025,26-Jun-2025,30-Jun-2025,Market Purchase,-,NSE,-
VINEETLAB,Vineet Laboratories Limited,7(2),Gaddam Balaji,30-Jun-2025 17:53,1184850,,0,0,0,0,Equity Shares,16000,546066,Sell,-,https://nsearchives.nseindia.com/corporate/xbrl/IT_1184850_1474956_30062025055337_WEB.xml,Promoters,16993,0.18,479360,Equity Shares,993,0.01,25-Jun-2025,25-Jun-2025,27-Jun-2025,Market Sale,-,NSE,-
VINEETLAB,Vineet Laboratories Limited,7(2),Alluri Anantha Laxmi,30-Jun-2025 17:53,1184850,,0,0,0,0,Equity Shares,44000,546065,Sell,-,https://nsearchives.nseindia.com/corporate/xbrl/IT_1184850_1474956_30062025055337_WEB.xml,Promoters,165891,1.8,1317360,Equity Shares,121891,1.32,25-Jun-2025,25-Jun-2025,27-Jun-2025,Market Sale,-,NSE,-
VINEETLAB,Vineet Laboratories Limited,7(2),Satyanarayana Raju Bhupathiraju,30-Jun-2025 17:53,1184850,,0,0,0,0,Equity Shares,50000,546064,Sell,-,https://nsearchives.nseindia.com/corporate/xbrl/IT_1184850_1474956_30062025055337_WEB.xml,Promoters,475176,5.15,1498000,Equity Shares,425176,4.61,25-Jun-2025,25-Jun-2025,27-Jun-2025,Market Sale,-,NSE,-
INFY,Infosys Limited,7(2),Infosys Employee Benefits Trust,30-Jun-2025 17:51,1184848,,0,0,0,0,Equity Shares,5563,546060,Sell,-,https://nsearchives.nseindia.com/corporate/xbrl/IT_1184848_1474947_30062025055128_WEB.xml,Other,9104047,0.23,8989808,Equity Shares,9098484,0.22,26-Jun-2025,26-Jun-2025,27-Jun-2025,Off Market,-,NA,-
BBTCL,B&B Triplewall Containers Limited,7(2),NIDHI AGARWAL,30-Jun-2025 17:50,1184845,,0,0,0,0,Equity Shares,32298,546055,Buy,-,https://nsearchives.nseindia.com/corporate/xbrl/IT_1184845_1474938_30062025055020_WEB.xml,Promoter Group,460440,2.24,322980,Equity Shares,492738,2.4,26-Jun-2025,26-Jun-2025,28-Jun-2025,Market Purchase,-,NSE,-
BBTCL,B&B Triplewall Containers Limited,7(2),SWATI BOTHRA,30-Jun-2025 17:50,1184845,,0,0,0,0,Equity Shares,32000,546057,Buy,-,https://nsearchives.nseindia.com/corporate/xbrl/IT_1184845_1474938_30062025055020_WEB.xml,Promoter Group,40000,0.19,320000,Equity Shares,72000,0.35,26-Jun-2025,26-Jun-2025,29-Jun-2025,Market Purchase,-,NSE,-
BBTCL,B&B Triplewall Containers Limited,7(2),NIRMAL KUMAR BOTHRA,30-Jun-2025 17:50,1184845,,0,0,0,0,Equity Shares,32000,546056,Buy,-,https://nsearchives.nseindia.com/corporate/xbrl/IT_1184845_1474938_30062025055020_WEB.xml,Promoter Group,33600,0.16,320000,Equity Shares,65600,0.31,26-Jun-2025,26-Jun-2025,29-Jun-2025,Market Purchase,-,NSE,-
BBTCL,B&B Triplewall Containers Limited,7(2),AARTI AGARWAL,30-Jun-2025 17:50,1184845,,0,0,0,0,Equity Shares,32085,546054,Buy,-,https://nsearchives.nseindia.com/corporate/xbrl/IT_1184845_1474938_30062025055020_WEB.xml,Promoter Group,287880,1.4,320850,Equity Shares,319965,1.55,26-Jun-2025,26-Jun-2025,28-Jun-2025,Market Purchase,-,NSE,-
AKSHOPTFBR,Aksh Optifibre Limited,7(2),Dr. Kailash Shantilal Choudhari,30-Jun-2025 17:42,1184842,,0,0,0,0,Equity Shares,100000,546046,Sell,-,https://nsearchives.nseindia.com/corporate/xbrl/IT_1184842_1474920_30062025054258_WEB.xml,Promoters,5471890,3.36,926000,Equity Shares,5371890,3.3,27-Jun-2025,27-Jun-2025,30-Jun-2025,Market Sale,-,NSE,-
SAJHOTELS,Saj Hotels Limited,7(2),LA-TIM LIFE STYLE AND RESORTS LIMITE,30-Jun-2025 17:34,1184840,,0,0,0,0,Equity Shares,20000,546044,Buy,-,https://nsearchives.nseindia.com/corporate/xbrl/IT_1184840_1474893_30062025053429_WEB.xml,Promoter Group,90000,0.52,1376400,Equity Shares,110000,0.58,30-Jun-2025,30-Jun-2025,30-Jun-2025,Market Purchase,-,NSE,-
ECLERX,eClerx Services Limited,7(2),Eclerx Employee Welfare Trust,30-Jun-2025 17:32,1184838,,0,0,0,0,Equity Shares,3638,546042,Buy,-,https://nsearchives.nseindia.com/corporate/xbrl/IT_1184838_1474887_30062025053239_WEB.xml,Other,658267,1.38,12797486,Equity Shares,661905,1.38,27-Jun-2025,27-Jun-2025,30-Jun-2025,Market Purchase,-,NSE,-
AFFLE,Affle 3i Limited,7(2),Affle (India) Limited Employees Welfare Trust,30-Jun-2025 17:31,1184837,,0,0,0,0,Equity Shares,1387,546040,Sell,-,https://nsearchives.nseindia.com/corporate/xbrl/IT_1184837_1474884_30062025053155_WEB.xml,Other,128773,0.09,2777675,Equity Shares,127386,0.09,30-Jun-2025,30-Jun-2025,30-Jun-2025,ESOP,-,NSE,-
AFFLE,Affle 3i Limited,7(2),Kapil Mohan Bhutani,30-Jun-2025 17:31,1184837,,0,0,0,0,Equity Shares,5695,546041,Sell,-,https://nsearchives.nseindia.com/corporate/xbrl/IT_1184837_1474884_30062025053155_WEB.xml,Key Managerial Personnel,40510,0.02,11573410,Equity Shares,34815,0.02,30-Jun-2025,30-Jun-2025,30-Jun-2025,ESOP,-,NSE,-
JBCHEPHARM,JB Chemicals & Pharmaceuticals Limited,7(2),Parmeshwar Bang,30-Jun-2025 17:30,1184834,,0,0,0,0,Equity Shares,1000,546038,Sell,-,https://nsearchives.nseindia.com/corporate/xbrl/IT_1184834_1474878_30062025053009_WEB.xml,Employees/Designated Employees,8510,0.01,1767738,Equity Shares,7510,0.01,26-Jun-2025,27-Jun-2025,28-Jun-2025,Market Sale,-,NSE,-
JBCHEPHARM,JB Chemicals & Pharmaceuticals Limited,7(2),Parmeshwar Bang,30-Jun-2025 17:30,1184834,,0,0,0,0,Equity Shares,1000,546037,Pledge Revoke,-,https://nsearchives.nseindia.com/corporate/xbrl/IT_1184834_1474878_30062025053009_WEB.xml,Employees/Designated Employees,8510,0.01,1767738,Equity Shares,8510,0.01,26-Jun-2025,27-Jun-2025,28-Jun-2025,Revokation of Pledge,-,NA,-
JASH,Jash Engineering Limited,7(2),Tushar Kharpade,30-Jun-2025 17:21,1184830,,0,0,0,0,Equity Shares,1000,546031,Sell,-,https://nsearchives.nseindia.com/corporate/xbrl/IT_1184830_1474841_30062025052104_WEB.xml,Key Managerial Personnel,1000,0,561000,Equity Shares,Nil,0,26-Jun-2025,26-Jun-2025,27-Jun-2025,Market Sale,-,NSE,-
JASH,Jash Engineering Limited,7(2),Tushar Kharpade,30-Jun-2025 17:21,1184830,,0,0,0,0,Equity Shares,4000,546030,Sell,-,https://nsearchives.nseindia.com/corporate/xbrl/IT_1184830_1474841_30062025052104_WEB.xml,Key Managerial Personnel,5000,0.01,2189716,Equity Shares,1000,0,25-Jun-2025,25-Jun-2025,27-Jun-2025,Market Sale,-,NSE,-
NARMADA,Narmada Agrobase Limited,7(2),MONIKA N AGRAWAL,30-Jun-2025 17:20,1184829,,0,0,0,0,Equity Shares,102500,546028,Buy,-,https://nsearchives.nseindia.com/corporate/xbrl/IT_1184829_1474834_30062025052054_WEB.xml,Promoter Group,869600,2.29,2014975,Equity Shares,972100,2.56,27-Jun-2025,30-Jun-2025,30-Jun-2025,Market Purchase,-,NSE,-
NARMADA,Narmada Agrobase Limited,7(2),NAMAN NEERAJ AGARWAL,30-Jun-2025 17:20,1184829,,0,0,0,0,Equity Shares,75000,546029,Buy,-,https://nsearchives.nseindia.com/corporate/xbrl/IT_1184829_1474834_30062025052054_WEB.xml,Promoter Group,Nil,0,1477500,Equity Shares,75000,0.2,27-Jun-2025,27-Jun-2025,30-Jun-2025,Market Purchase,-,NSE,-
AFCONS,Afcons Infrastructure Limited,7(2),Renaissance Commerce Private Limited,30-Jun-2025 16:51,1184826,,0,0,0,0,Equity Shares,4018690,546023,Pledge,-,https://nsearchives.nseindia.com/corporate/xbrl/IT_1184826_1474769_30062025045103_WEB.xml,Promoter Group,4024619,1.09,1759583416,Equity Shares,4024619,1.09,25-Jun-2025,25-Jun-2025,27-Jun-2025,Pledge Creation,-,NA,-
AFCONS,Afcons Infrastructure Limited,7(2),Hermes Commerce Private Limited,30-Jun-2025 16:51,1184826,,0,0,0,0,Equity Shares,4016250,546021,Pledge,-,https://nsearchives.nseindia.com/corporate/xbrl/IT_1184826_1474769_30062025045103_WEB.xml,Promoter Group,4054970,1.1,1758515062,Equity Shares,4054970,1.1,25-Jun-2025,25-Jun-2025,27-Jun-2025,Pledge Creation,-,NA,-
AFCONS,Afcons Infrastructure Limited,7(2),Shapoorji Pallonji and Company Private Limited,30-Jun-2025 16:51,1184826,,0,0,0,0,Equity Shares,44446470,546022,Pledge,-,https://nsearchives.nseindia.com/corporate/xbrl/IT_1184826_1474769_30062025045103_WEB.xml,Promoters,56681410,15.41,19460886889,Equity Shares,56681410,15.41,25-Jun-2025,25-Jun-2025,27-Jun-2025,Pledge Creation,-,NA,-
IMFA,Indian Metals & Ferro Alloys Limited,7(2),Rishab Khandelwal,30-Jun-2025 16:43,1184823,,0,0,0,0,Equity Shares,1525,546015,Buy,-,https://nsearchives.nseindia.com/corporate/xbrl/IT_1184823_1474750_30062025044357_WEB.xml,Immediate relative,4275,0.01,1176140,Equity Shares,5800,0.01,27-Jun-2025,30-Jun-2025,30-Jun-2025,Market Purchase,-,NSE,-
NAUKRI,Info Edge (India) Limited,7(2),Info Edge Employees Stock Option Plan Trust,30-Jun-2025 16:40,1184822,,0,0,0,0,Equity Shares,8795,546013,Sell,-,https://nsearchives.nseindia.com/corporate/xbrl/IT_1184822_1474734_30062025044033_WEB.xml,Other,601632,0.09,17590,Equity Shares,592837,0.09,27-Jun-2025,27-Jun-2025,28-Jun-2025,ESOP,-,NA,-
NAUKRI,Info Edge (India) Limited,7(2),Sanjeev Bikhchandani,30-Jun-2025 16:40,1184822,,0,0,0,0,Equity Shares,50000,546014,Sell,-,https://nsearchives.nseindia.com/corporate/xbrl/IT_1184822_1474734_30062025044033_WEB.xml,Promoters,156670635,24.18,74578622,Equity Shares,156620635,24.17,30-Jun-2025,30-Jun-2025,30-Jun-2025,Market Sale,-,NSE,-
BLUSPRING,Bluspring Enterprises Limited,7(2),Ajit Isaac,30-Jun-2025 16:16,1184819,,0,0,0,0,Equity Shares,1595529,546008,Buy,-,https://nsearchives.nseindia.com/corporate/xbrl/IT_1184819_1474688_30062025041656_WEB.xml,Promoters,17896832,12.02,115149395,Equity Shares,19492361,13.09,26-Jun-2025,26-Jun-2025,27-Jun-2025,Market Purchase,-,NSE,-
BLUSPRING,Bluspring Enterprises Limited,7(2),Ajit Isaac,30-Jun-2025 16:16,1184819,,0,0,0,0,Equity Shares,288774,546009,Buy,-,https://nsearchives.nseindia.com/corporate/xbrl/IT_1184819_1474688_30062025041656_WEB.xml,Promoters,19492361,13.09,22536738,Equity Shares,19781135,13.28,27-Jun-2025,27-Jun-2025,28-Jun-2025,Market Purchase,-,NSE,-
BLUSPRING,Bluspring Enterprises Limited,7(2),Nitin Trikha,30-Jun-2025 16:15,1184817,,0,0,0,0,Equity Shares,10000,546005,Buy,-,https://nsearchives.nseindia.com/corporate/xbrl/IT_1184817_1474683_30062025041547_WEB.xml,-,Nil,0,781347,Equity Shares,10000,0.01,27-Jun-2025,27-Jun-2025,28-Jun-2025,Market Purchase,-,NSE,-
TREL,Transindia Real Estate Limited,7(2),Shashikiran Shetty,30-Jun-2025 15:55,1184815,,0,0,0,0,Equity Shares,9941,546003,Buy,-,https://nsearchives.nseindia.com/corporate/xbrl/IT_1184815_1474651_30062025035541_WEB.xml,Promoters,153257011,62.38,333838,Equity Shares,153266952,62.38,27-Jun-2025,27-Jun-2025,27-Jun-2025,Market Purchase,-,NSE,-
CAMLINFINE,Camlin Fine Sciences Limited,7(2),Irshad J. Khan,30-Jun-2025 15:50,1184813,,0,0,0,0,Equity Shares,4750,546001,Sell,-,https://nsearchives.nseindia.com/corporate/xbrl/IT_1184813_1474637_30062025035054_WEB.xml,-,47500,0.03,1056817,Equity Shares,42750,0.02,26-May-2025,27-May-2025,30-Jun-2025,Market Sale,-,NSE,-
INTLCONV,International Conveyors Limited,7(2),Elpro International Limited,30-Jun-2025 15:35,1184811,,0,0,0,0,Equity Shares,20000,545999,Buy,-,https://nsearchives.nseindia.com/corporate/xbrl/IT_1184811_1474619_30062025033500_WEB.xml,Promoter Group,826019,1.3,1883302,Equity Shares,846019,1.33,25-Jun-2025,25-Jun-2025,26-Jun-2025,Market Purchase,-,NSE,-
ASHIANA,Ashiana Housing Limited,7(2),Sunil Vidyadhar Damle,30-Jun-2025 15:21,1184808,,0,0,0,0,Equity Shares,4050,545997,Buy,-,https://nsearchives.nseindia.com/corporate/xbrl/IT_1184808_1474579_30062025032138_WEB.xml,-,17790,0.02,1408936,Equity Shares,21840,0.02,26-Jun-2025,26-Jun-2025,27-Jun-2025,Market Purchase,-,NSE,-
ASHIANA,Ashiana Housing Limited,7(2),Sunil Vidyadhar Damle,30-Jun-2025 15:20,1184807,,0,0,0,0,Equity Shares,4050,545996,Buy,-,https://nsearchives.nseindia.com/corporate/xbrl/IT_1184807_1474575_30062025032049_WEB.xml,-,17790,0.02,1408936,Equity Shares,21840,0.02,26-Jun-2025,26-Jun-2025,27-Jun-2025,Market Purchase,-,NSE,-
QUICKHEAL,Quick Heal Technologies Limited,7(2),Kailash Katkar,30-Jun-2025 14:53,1184805,,0,0,0,0,Equity Shares,2725000,545994,Pledge Revoke,-,https://nsearchives.nseindia.com/corporate/xbrl/IT_1184805_1474514_30062025025307_WEB.xml,Promoters,7853473,14.54,970917500,Equity Shares,7853473,14.54,25-Jun-2025,25-Jun-2025,27-Jun-2025,-,-,NA,-
JSWENERGY,JSW Energy Limited,7(2),JSW Energy Employees Welfare Trust,30-Jun-2025 14:48,1184803,,0,0,0,0,Equity Shares,260,545992,Sell,-,https://nsearchives.nseindia.com/corporate/xbrl/IT_1184803_1474509_30062025024822_WEB.xml,Other,2384658,0.14,132453,Equity Shares,2384398,0.14,25-Jun-2025,25-Jun-2025,27-Jun-2025,Market Sale,-,NSE,-
MAHSEAMLES,Maharashtra Seamless Limited,7(2),Odd & Even Trades & Finance Limited,30-Jun-2025 14:47,1184801,,0,0,0,0,Equity Shares,37500,545990,Buy,-,https://nsearchives.nseindia.com/corporate/xbrl/IT_1184801_1474504_30062025024659_WEB.xml,Promoter Group,23599000,17.61,28594991,Equity Shares,23636500,17.64,27-Jun-2025,27-Jun-2025,30-Jun-2025,Market Purchase,-,NSE,-
MAHSEAMLES,Maharashtra Seamless Limited,7(2),Amruit Promoters and Finance LLP,30-Jun-2025 14:47,1184801,,0,0,0,0,Equity Shares,42100,545988,Sell,-,https://nsearchives.nseindia.com/corporate/xbrl/IT_1184801_1474504_30062025024659_WEB.xml,Promoter Group,42100,0.03,32031201,Equity Shares,Nil,0,27-Jun-2025,27-Jun-2025,30-Jun-2025,Market Sale,-,NSE,-
MAHSEAMLES,Maharashtra Seamless Limited,7(2),Brahmadev Holding and Trading Limited,30-Jun-2025 14:47,1184801,,0,0,0,0,Equity Shares,8000,545989,Buy,-,https://nsearchives.nseindia.com/corporate/xbrl/IT_1184801_1474504_30062025024659_WEB.xml,Promoter Group,11759984,0,6098959,Equity Shares,11767984,-,27-Jun-2025,27-Jun-2025,30-Jun-2025,Market Purchase,-,NSE,-
DHRUV,Dhruv Consultancy Services Limited,7(2),Pandurang B Dandawate,30-Jun-2025 13:23,1184794,,0,0,0,0,Equity Shares,200,545981,Buy,-,https://nsearchives.nseindia.com/corporate/xbrl/IT_1184794_1474424_30062025012334_WEB.xml,Promoters,4042111,21.31,12712,Equity Shares,4042311,21.31,27-Jun-2025,27-Jun-2025,30-Jun-2025,Market Purchase,-,BSE,-
NIITMTS,Niit Learning Systems Limited,7(2),Sanjeev Bansal,30-Jun-2025 13:18,1184792,,0,0,0,0,Equity Shares,14000,545979,Buy,-,https://nsearchives.nseindia.com/corporate/xbrl/IT_1184792_1474418_30062025011801_WEB.xml,-,28216,0.02,2479260,Equity Shares,42216,0.03,25-Jun-2025,25-Jun-2025,26-Jun-2025,ESOP,-,NA,-
NIITMTS,Niit Learning Systems Limited,7(2),Rohit Sethi,30-Jun-2025 13:18,1184792,,0,0,0,0,Equity Shares,9000,545978,Buy,-,https://nsearchives.nseindia.com/corporate/xbrl/IT_1184792_1474418_30062025011801_WEB.xml,-,211,0,1593810,Equity Shares,9211,0.01,25-Jun-2025,25-Jun-2025,26-Jun-2025,ESOP,-,NA,-
NIITMTS,Niit Learning Systems Limited,7(2),Pankaj Mamtani,30-Jun-2025 13:18,1184792,,0,0,0,0,Equity Shares,2000,545977,Buy,-,https://nsearchives.nseindia.com/corporate/xbrl/IT_1184792_1474418_30062025011801_WEB.xml,-,43267,0.03,354180,Equity Shares,45267,0.03,25-Jun-2025,25-Jun-2025,26-Jun-2025,ESOP,-,NA,-
CAPTRUST,Capital Trust Limited,7(2),Yogen Khosla,30-Jun-2025 13:10,1184790,,0,0,0,0,Equity Shares,3000,545973,Sell,-,https://nsearchives.nseindia.com/corporate/xbrl/IT_1184790_1474401_30062025011050_WEB.xml,Promoters,3975431,23.37,220368,Equity Shares,3972431,23.35,26-Jun-2025,26-Jun-2025,27-Jun-2025,Market Sale,-,NSE,-
HOMESFY,Homesfy Realty Limited,7(2),Ashish Kukreja,30-Jun-2025 12:55,1184788,,0,0,0,0,Equity Shares,2400,545971,Buy,-,https://nsearchives.nseindia.com/corporate/xbrl/IT_1184788_1474380_30062025125558_WEB.xml,Promoters,1510212,46.81,686832,Equity Shares,1512612,46.89,26-Jun-2025,27-Jun-2025,30-Jun-2025,Market Purchase,-,NSE,-
SILVERTUC,Silver Touch Technologies Limited,7(2),Vipul Thakkar,30-Jun-2025 11:06,1184786,,0,0,0,0,Equity Shares,790,545969,Buy,-,https://nsearchives.nseindia.com/corporate/xbrl/IT_1184786_1474255_30062025110620_WEB.xml,Promoters,2674573,21.1,566880,Equity Shares,2675363,21.1,26-Jun-2025,26-Jun-2025,27-Jun-2025,Market Purchase,-,NSE,-
SILVERTUC,Silver Touch Technologies Limited,7(2),Vipul Thakkar,30-Jun-2025 11:06,1184786,,0,0,0,0,Equity Shares,1200,545968,Buy,-,https://nsearchives.nseindia.com/corporate/xbrl/IT_1184786_1474255_30062025110620_WEB.xml,Promoters,2673373,21.08,865920,Equity Shares,2674573,21.1,25-Jun-2025,25-Jun-2025,27-Jun-2025,Market Purchase,-,NSE,-
BILVYAPAR,BIL VYAPAR LIMITED,7(2),Triton Trading Company Private Limited,30-Jun-2025 11:05,1184785,,0,0,0,0,Equity Shares,88060,545967,Sell,-,https://nsearchives.nseindia.com/corporate/xbrl/IT_1184785_1474253_30062025110553_WEB.xml,Promoter Group,13927759,44.2,983630,Equity Shares,13839699,44.12,27-Jun-2025,27-Jun-2025,27-Jun-2025,Market Sale,-,NSE,-
SGLTL,Standard Glass Lining Technology Limited,7(2),RADHIKA NANNAPANENI,30-Jun-2025 11:03,1184783,,0,0,0,0,Equity Shares,5000,545965,Buy,-,https://nsearchives.nseindia.com/corporate/xbrl/IT_1184783_1474248_30062025110327_WEB.xml,Director,147100,0.07,836846,Equity Shares,152100,0.07,27-Jun-2025,27-Jun-2025,30-Jun-2025,Market Purchase,-,NSE,-
ROLEXRINGS,Rolex Rings Limited,7(2),Dharmishtaben Bhagwanji Bole,30-Jun-2025 10:30,1184780,,0,0,0,0,Equity Shares,217625,545962,Sell,-,https://nsearchives.nseindia.com/corporate/xbrl/IT_1184780_1474225_30062025103034_WEB.xml,Promoter Group,217625,0.8,0,Equity Shares,Nil,0,26-Jun-2025,26-Jun-2025,27-Jun-2025,Gift,-,NA,-
ROLEXRINGS,Rolex Rings Limited,7(2),Pinakin Dayashankar Madeka,30-Jun-2025 10:30,1184780,,0,0,0,0,Equity Shares,217625,545963,Buy,-,https://nsearchives.nseindia.com/corporate/xbrl/IT_1184780_1474225_30062025103034_WEB.xml,Promoters,2492345,9.15,0,Equity Shares,2709970,9.95,26-Jun-2025,26-Jun-2025,27-Jun-2025,Gift,-,NA,-
DLINKINDIA,D-Link (India) Limited,7(2),MUKESH TIRTHDAS LULLA,30-Jun-2025 10:25,1184778,,0,0,0,0,Equity Shares,17905,545959,Sell,-,https://nsearchives.nseindia.com/corporate/xbrl/IT_1184778_1474220_30062025102521_WEB.xml,Director,2083499,5.87,9713971,Equity Shares,2065594,5.82,27-Jun-2025,27-Jun-2025,28-Jun-2025,Market Sale,-,NSE,-
